PLT_CN,state,INVYR,STDAGE,big_trees_per_ac,pelz_og,FORTYPCD,OWNCD,eval_period,v51_class,v51_total,v51_og,v51_lsog,v51_any
1184860075290487,ME,2023,60,18.054138,FALSE,708,11,2019-2023,Not LSOG,1,FALSE,FALSE,FALSE
1184860312290487,ME,2023,128,126.378966,TRUE,801,11,2019-2023,LS,7,FALSE,TRUE,TRUE
1184860761290487,ME,2023,60,12.036092,FALSE,801,11,2019-2023,Not LSOG,2,FALSE,FALSE,FALSE
1184860763290487,ME,2023,87,24.072184,FALSE,809,11,2019-2023,Not LSOG,2,FALSE,FALSE,FALSE
1184860764290487,ME,2023,96,66.198506,FALSE,801,11,2019-2023,LS,6,FALSE,TRUE,TRUE
1184860765290487,ME,2023,100,132.397012,TRUE,104,11,2019-2023,Transitioning LS,4,FALSE,FALSE,TRUE
1184860766290487,ME,2023,77,12.036092,FALSE,123,11,2019-2023,Not LSOG,1,FALSE,FALSE,FALSE
1191484796290487,NH,2023,111,0,FALSE,123,11,2019-2023,Transitioning LS,4,FALSE,FALSE,TRUE
1191484797290487,NH,2023,117,24.072184,TRUE,105,11,2019-2023,Not LSOG,2,FALSE,FALSE,FALSE
1191484798290487,NH,2023,94,90.27069,FALSE,105,11,2019-2023,Transitioning LS,5,FALSE,FALSE,TRUE
1191484812290487,NH,2023,89,36.108276,FALSE,801,11,2019-2023,Not LSOG,3,FALSE,FALSE,FALSE
1191484828290487,NH,2023,94,24.072184,FALSE,801,11,2019-2023,Not LSOG,2,FALSE,FALSE,FALSE
1191484833290487,NH,2023,105,12.036092,TRUE,124,11,2019-2023,Not LSOG,2,FALSE,FALSE,FALSE
1191484834290487,NH,2023,104,36.108276,TRUE,801,11,2019-2023,Not LSOG,3,FALSE,FALSE,FALSE
1191484835290487,NH,2023,97,0,FALSE,124,11,2019-2023,LS,6,FALSE,TRUE,TRUE
1191484836290487,NH,2023,91,48.144368,FALSE,801,11,2019-2023,Transitioning LS,4,FALSE,FALSE,TRUE
1191484839290487,NH,2023,85,48.144368,FALSE,801,11,2019-2023,Not LSOG,3,FALSE,FALSE,FALSE
1191484870290487,NH,2023,97,48.144368,FALSE,801,11,2019-2023,Not LSOG,3,FALSE,FALSE,FALSE
1191484871290487,NH,2023,88,12.036092,FALSE,801,11,2019-2023,Transitioning LS,5,FALSE,FALSE,TRUE
1191484880290487,NH,2023,69,24.072184,FALSE,121,11,2019-2023,Transitioning LS,5,FALSE,FALSE,TRUE
1191484882290487,NH,2023,83,48.144368,FALSE,124,11,2019-2023,Transitioning LS,5,FALSE,FALSE,TRUE
1191484890290487,NH,2023,114,60.18046,TRUE,801,11,2019-2023,Not LSOG,3,FALSE,FALSE,FALSE
1191484891290487,NH,2023,92,54.162414,FALSE,801,11,2019-2023,Not LSOG,3,FALSE,FALSE,FALSE
1191484892290487,NH,2023,87,0,FALSE,124,11,2019-2023,Not LSOG,2,FALSE,FALSE,FALSE
1191484893290487,NH,2023,82,24.072184,FALSE,801,11,2019-2023,Not LSOG,3,FALSE,FALSE,FALSE
1191484909290487,NH,2023,68,24.072184,FALSE,801,11,2019-2023,Not LSOG,1,FALSE,FALSE,FALSE
1191484910290487,NH,2023,84,30.09023,FALSE,801,11,2019-2023,Not LSOG,1,FALSE,FALSE,FALSE
1191484911290487,NH,2023,89,48.144368,FALSE,801,11,2019-2023,Not LSOG,3,FALSE,FALSE,FALSE
1191484912290487,NH,2023,52,0,FALSE,121,11,2019-2023,Not LSOG,0,FALSE,FALSE,FALSE
1191484913290487,NH,2023,70,42.126322,FALSE,902,11,2019-2023,Transitioning LS,4,FALSE,FALSE,TRUE
1191484939290487,NH,2023,87,0,FALSE,123,11,2019-2023,Not LSOG,2,FALSE,FALSE,FALSE
1191484940290487,NH,2023,72,0,FALSE,124,11,2019-2023,Transitioning LS,4,FALSE,FALSE,TRUE
1191484941290487,NH,2023,27,0,FALSE,121,11,2019-2023,Not LSOG,3,FALSE,FALSE,FALSE
1191484942290487,NH,2023,89,84.252644,FALSE,801,11,2019-2023,Transitioning LS,4,FALSE,FALSE,TRUE
1191484943290487,NH,2023,101,96.288736,TRUE,123,11,2019-2023,Not LSOG,3,FALSE,FALSE,FALSE
1191484944290487,NH,2023,89,60.18046,FALSE,801,11,2019-2023,LS,6,FALSE,TRUE,TRUE
1191484945290487,NH,2023,52,0,FALSE,801,11,2019-2023,Not LSOG,3,FALSE,FALSE,FALSE
1191484946290487,NH,2023,80,6.018046,FALSE,121,11,2019-2023,Transitioning LS,4,FALSE,FALSE,TRUE
1191484947290487,NH,2023,102,66.198506,TRUE,801,11,2019-2023,Not LSOG,2,FALSE,FALSE,FALSE
1191484948290487,NH,2023,78,18.054138,FALSE,801,11,2019-2023,Not LSOG,2,FALSE,FALSE,FALSE
1191484949290487,NH,2023,79,66.198506,FALSE,705,11,2019-2023,Not LSOG,3,FALSE,FALSE,FALSE
1191484950290487,NH,2023,95,36.108276,FALSE,123,11,2019-2023,Transitioning LS,4,FALSE,FALSE,TRUE
1191484952290487,NH,2023,75,84.252644,FALSE,105,11,2019-2023,Transitioning LS,4,FALSE,FALSE,TRUE
1191484953290487,NH,2023,114,48.144368,TRUE,801,11,2019-2023,Not LSOG,3,FALSE,FALSE,FALSE
1191484954290487,NH,2023,77,12.036092,FALSE,801,11,2019-2023,Not LSOG,1,FALSE,FALSE,FALSE
1191484955290487,NH,2023,95,36.108276,FALSE,124,11,2019-2023,Transitioning LS,4,FALSE,FALSE,TRUE
1191484956290487,NH,2023,92,66.198506,FALSE,801,11,2019-2023,Not LSOG,2,FALSE,FALSE,FALSE
1191484957290487,NH,2023,93,24.072184,FALSE,801,11,2019-2023,Transitioning LS,5,FALSE,FALSE,TRUE
1191484958290487,NH,2023,97,72.216552,FALSE,505,11,2019-2023,Transitioning LS,5,FALSE,FALSE,TRUE
1191484959290487,NH,2023,88,66.198506,FALSE,801,11,2019-2023,Not LSOG,3,FALSE,FALSE,FALSE
1191484963290487,NH,2023,92,72.216552,FALSE,105,11,2019-2023,LS,7,FALSE,TRUE,TRUE
1191484964290487,NH,2023,82,36.108276,FALSE,801,11,2019-2023,Transitioning LS,5,FALSE,FALSE,TRUE
1191484965290487,NH,2023,80,36.108276,FALSE,801,11,2019-2023,Transitioning LS,4,FALSE,FALSE,TRUE
1191484966290487,NH,2023,72,0,FALSE,121,11,2019-2023,Not LSOG,0,FALSE,FALSE,FALSE
1191484967290487,NH,2023,17,6.018046,FALSE,801,11,2019-2023,Not LSOG,1,FALSE,FALSE,FALSE
1191484969290487,NH,2023,92,66.198506,FALSE,801,11,2019-2023,Not LSOG,2,FALSE,FALSE,FALSE
1191484970290487,NH,2023,48,24.072184,FALSE,805,11,2019-2023,Not LSOG,1,FALSE,FALSE,FALSE
1191484971290487,NH,2023,87,60.18046,FALSE,801,11,2019-2023,Transitioning LS,4,FALSE,FALSE,TRUE
1191484972290487,NH,2023,75,54.162414,FALSE,801,11,2019-2023,Not LSOG,2,FALSE,FALSE,FALSE
1191484973290487,NH,2023,93,6.018046,FALSE,121,11,2019-2023,Transitioning LS,4,FALSE,FALSE,TRUE
1191495751290487,NY,2023,79,24.072184,FALSE,503,11,2019-2023,Not LSOG,3,FALSE,FALSE,FALSE
1191496120290487,NY,2023,82,48.144368,FALSE,503,11,2019-2023,Transitioning LS,5,FALSE,FALSE,TRUE
1192967835290487,VT,2023,48,6.018046,FALSE,901,11,2019-2023,Not LSOG,1,FALSE,FALSE,FALSE
1192967839290487,VT,2023,89,42.126322,FALSE,801,11,2019-2023,Transitioning LS,4,FALSE,FALSE,TRUE
1192967863290487,VT,2023,95,18.054138,FALSE,801,11,2019-2023,Not LSOG,2,FALSE,FALSE,FALSE
1192967870290487,VT,2023,82,60.18046,FALSE,809,11,2019-2023,Transitioning LS,5,FALSE,FALSE,TRUE
1192967874290487,VT,2023,84,42.126322,FALSE,801,11,2019-2023,Transitioning LS,5,FALSE,FALSE,TRUE
1192967880290487,VT,2023,126,66.198506,TRUE,801,11,2019-2023,LS,7,FALSE,TRUE,TRUE
1192967881290487,VT,2023,112,66.198506,TRUE,801,11,2019-2023,LS,6,FALSE,TRUE,TRUE
1192967933290487,VT,2023,121,54.162414,TRUE,801,11,2019-2023,Transitioning LS,4,FALSE,FALSE,TRUE
1192967934290487,VT,2023,100,30.09023,TRUE,121,11,2019-2023,LS,6,FALSE,TRUE,TRUE
1192967981290487,VT,2023,49,18.054138,FALSE,801,11,2019-2023,Transitioning LS,4,FALSE,FALSE,TRUE
1192967982290487,VT,2023,83,66.198506,FALSE,801,11,2019-2023,Not LSOG,3,FALSE,FALSE,FALSE
1192967983290487,VT,2023,105,12.036092,TRUE,123,11,2019-2023,Not LSOG,1,FALSE,FALSE,FALSE
1192967984290487,VT,2023,80,30.09023,FALSE,801,11,2019-2023,Transitioning LS,4,FALSE,FALSE,TRUE
1192967985290487,VT,2023,93,60.18046,FALSE,121,11,2019-2023,Not LSOG,3,FALSE,FALSE,FALSE
1192967986290487,VT,2023,106,42.126322,TRUE,801,11,2019-2023,Not LSOG,3,FALSE,FALSE,FALSE
1192967987290487,VT,2023,63,36.108276,FALSE,809,11,2019-2023,Not LSOG,3,FALSE,FALSE,FALSE
1192967988290487,VT,2023,73,12.036092,FALSE,902,11,2019-2023,Not LSOG,3,FALSE,FALSE,FALSE
1192967989290487,VT,2023,74,12.036092,FALSE,801,11,2019-2023,Not LSOG,2,FALSE,FALSE,FALSE
1192967990290487,VT,2023,53,48.144368,FALSE,801,11,2019-2023,Not LSOG,1,FALSE,FALSE,FALSE
1192967991290487,VT,2023,84,72.216552,FALSE,801,11,2019-2023,Transitioning LS,4,FALSE,FALSE,TRUE
1192967992290487,VT,2023,115,78.234598,TRUE,902,11,2019-2023,LS,6,FALSE,TRUE,TRUE
1192967993290487,VT,2023,40,72.216552,FALSE,801,11,2019-2023,Transitioning LS,4,FALSE,FALSE,TRUE
1192967994290487,VT,2023,57,6.018046,FALSE,801,11,2019-2023,Not LSOG,3,FALSE,FALSE,FALSE
1192967995290487,VT,2023,74,24.072184,FALSE,801,11,2019-2023,Not LSOG,2,FALSE,FALSE,FALSE
1192967996290487,VT,2023,70,18.054138,FALSE,123,11,2019-2023,Not LSOG,1,FALSE,FALSE,FALSE
1192967997290487,VT,2023,80,42.126322,FALSE,801,11,2019-2023,Not LSOG,2,FALSE,FALSE,FALSE
1192967998290487,VT,2023,85,54.162414,FALSE,809,11,2019-2023,Transitioning LS,4,FALSE,FALSE,TRUE
1192967999290487,VT,2023,71,30.09023,FALSE,801,11,2019-2023,Not LSOG,0,FALSE,FALSE,FALSE
1192968000290487,VT,2023,7,6.018046,FALSE,801,11,2019-2023,Not LSOG,1,FALSE,FALSE,FALSE
1192968001290487,VT,2023,82,60.18046,FALSE,801,11,2019-2023,Transitioning LS,4,FALSE,FALSE,TRUE
1192968002290487,VT,2023,78,54.162414,FALSE,805,11,2019-2023,Not LSOG,2,FALSE,FALSE,FALSE
1192968003290487,VT,2023,75,60.18046,FALSE,801,11,2019-2023,Not LSOG,2,FALSE,FALSE,FALSE
1192968004290487,VT,2023,87,78.234598,FALSE,809,11,2019-2023,Transitioning LS,5,FALSE,FALSE,TRUE
1192968005290487,VT,2023,93,54.162414,FALSE,809,11,2019-2023,Not LSOG,2,FALSE,FALSE,FALSE
1192968006290487,VT,2023,82,48.144368,FALSE,801,11,2019-2023,Not LSOG,1,FALSE,FALSE,FALSE
168989435020004,NY,2014,59,6.018046,FALSE,512,11,2014-2018,Not LSOG,0,FALSE,FALSE,FALSE
168990098020004,NY,2014,70,54.162414,FALSE,805,11,2014-2018,Not LSOG,2,FALSE,FALSE,FALSE
171137746020004,ME,2014,93,36.108276,FALSE,801,11,2014-2018,Not LSOG,3,FALSE,FALSE,FALSE
171137757020004,ME,2014,75,42.126322,FALSE,801,11,2014-2018,Not LSOG,3,FALSE,FALSE,FALSE
171138174020004,ME,2014,53,6.018046,FALSE,801,11,2014-2018,Not LSOG,1,FALSE,FALSE,FALSE
171138175020004,ME,2014,85,30.09023,FALSE,123,11,2014-2018,Not LSOG,3,FALSE,FALSE,FALSE
171138176020004,ME,2014,78,12.036092,FALSE,123,11,2014-2018,Not LSOG,3,FALSE,FALSE,FALSE
171871627020004,VT,2014,97,66.198506,FALSE,801,11,2014-2018,Transitioning LS,5,FALSE,FALSE,TRUE
171871647020004,VT,2015,105,48.144368,TRUE,801,11,2014-2018,Transitioning LS,4,FALSE,FALSE,TRUE
171871648020004,VT,2014,56,6.018046,FALSE,902,11,2014-2018,Transitioning LS,4,FALSE,FALSE,TRUE
171871649020004,VT,2014,79,0,FALSE,809,11,2014-2018,Not LSOG,1,FALSE,FALSE,FALSE
171871656020004,VT,2015,92,54.162414,FALSE,805,11,2014-2018,Transitioning LS,5,FALSE,FALSE,TRUE
171871657020004,VT,2014,86,48.144368,FALSE,809,11,2014-2018,Not LSOG,3,FALSE,FALSE,FALSE
171871658020004,VT,2015,77,48.144368,FALSE,801,11,2014-2018,Not LSOG,2,FALSE,FALSE,FALSE
171871660020004,VT,2014,67,42.126322,FALSE,801,11,2014-2018,Not LSOG,3,FALSE,FALSE,FALSE
171871663020004,VT,2015,47,12.036092,FALSE,801,11,2014-2018,Transitioning LS,4,FALSE,FALSE,TRUE
171871749020004,VT,2015,86,48.144368,FALSE,801,11,2014-2018,Transitioning LS,4,FALSE,FALSE,TRUE
171871750020004,VT,2014,57,0,FALSE,902,11,2014-2018,Not LSOG,1,FALSE,FALSE,FALSE
171871751020004,VT,2014,84,36.108276,FALSE,801,11,2014-2018,Transitioning LS,4,FALSE,FALSE,TRUE
171871780020004,VT,2014,90,24.072184,FALSE,801,11,2014-2018,Transitioning LS,4,FALSE,FALSE,TRUE
171871816020004,VT,2014,73,66.198506,FALSE,801,11,2014-2018,Not LSOG,2,FALSE,FALSE,FALSE
171871817020004,VT,2015,86,54.162414,FALSE,809,11,2014-2018,Transitioning LS,4,FALSE,FALSE,TRUE
171871818020004,VT,2014,75,54.162414,FALSE,801,11,2014-2018,Not LSOG,2,FALSE,FALSE,FALSE
171871819020004,VT,2015,91,0,FALSE,801,11,2014-2018,Not LSOG,3,FALSE,FALSE,FALSE
171871820020004,VT,2014,87,36.108276,FALSE,801,11,2014-2018,Transitioning LS,4,FALSE,FALSE,TRUE
171871821020004,VT,2015,123,78.234598,TRUE,801,11,2014-2018,Transitioning LS,4,FALSE,FALSE,TRUE
171871822020004,VT,2014,96,54.162414,FALSE,124,11,2014-2018,Transitioning LS,4,FALSE,FALSE,TRUE
171871823020004,VT,2014,78,36.108276,FALSE,801,11,2014-2018,Not LSOG,1,FALSE,FALSE,FALSE
171871824020004,VT,2015,104,78.234598,TRUE,105,11,2014-2018,Transitioning LS,5,FALSE,FALSE,TRUE
171871825020004,VT,2014,99,60.18046,FALSE,801,11,2014-2018,Transitioning LS,4,FALSE,FALSE,TRUE
171871826020004,VT,2015,116,48.144368,TRUE,121,11,2014-2018,Transitioning LS,5,FALSE,FALSE,TRUE
171871827020004,VT,2015,94,36.108276,FALSE,801,11,2014-2018,Not LSOG,2,FALSE,FALSE,FALSE
171871828020004,VT,2014,76,66.198506,FALSE,801,11,2014-2018,Not LSOG,3,FALSE,FALSE,FALSE
171871829020004,VT,2014,93,60.18046,FALSE,801,11,2014-2018,Transitioning LS,4,FALSE,FALSE,TRUE
171871830020004,VT,2014,80,30.09023,FALSE,801,11,2014-2018,Transitioning LS,4,FALSE,FALSE,TRUE
171871831020004,VT,2014,95,30.09023,FALSE,801,11,2014-2018,Not LSOG,2,FALSE,FALSE,FALSE
171871832020004,VT,2015,70,30.09023,FALSE,801,11,2014-2018,Not LSOG,2,FALSE,FALSE,FALSE
171871833020004,VT,2014,76,30.09023,FALSE,801,11,2014-2018,Not LSOG,3,FALSE,FALSE,FALSE
171871834020004,VT,2014,80,72.216552,FALSE,801,11,2014-2018,Not LSOG,2,FALSE,FALSE,FALSE
171871835020004,VT,2014,60,0,FALSE,121,11,2014-2018,Transitioning LS,4,FALSE,FALSE,TRUE
171871836020004,VT,2014,90,54.162414,FALSE,801,11,2014-2018,Transitioning LS,4,FALSE,FALSE,TRUE
171871837020004,VT,2014,99,36.108276,FALSE,801,11,2014-2018,Not LSOG,2,FALSE,FALSE,FALSE
171871838020004,VT,2015,80,48.144368,FALSE,801,11,2014-2018,Transitioning LS,5,FALSE,FALSE,TRUE
171871839020004,VT,2014,65,36.108276,FALSE,801,11,2014-2018,Not LSOG,1,FALSE,FALSE,FALSE
171871840020004,VT,2014,70,42.126322,FALSE,805,11,2014-2018,Transitioning LS,4,FALSE,FALSE,TRUE
171871841020004,VT,2014,75,54.162414,FALSE,801,11,2014-2018,Transitioning LS,5,FALSE,FALSE,TRUE
171871842020004,VT,2015,69,30.09023,FALSE,801,11,2014-2018,Not LSOG,2,FALSE,FALSE,FALSE
171871843020004,VT,2014,51,6.018046,FALSE,124,11,2014-2018,Not LSOG,3,FALSE,FALSE,FALSE
171871844020004,VT,2015,68,42.126322,FALSE,809,11,2014-2018,Not LSOG,2,FALSE,FALSE,FALSE
171871845020004,VT,2014,56,12.036092,FALSE,801,11,2014-2018,Not LSOG,1,FALSE,FALSE,FALSE
171871846020004,VT,2015,82,60.18046,FALSE,801,11,2014-2018,Not LSOG,3,FALSE,FALSE,FALSE
171871847020004,VT,2014,80,54.162414,FALSE,801,11,2014-2018,Not LSOG,3,FALSE,FALSE,FALSE
171871848020004,VT,2015,65,42.126322,FALSE,801,11,2014-2018,Not LSOG,3,FALSE,FALSE,FALSE
171928902020004,NH,2015,78,0,FALSE,121,11,2014-2018,Transitioning LS,4,FALSE,FALSE,TRUE
171928904020004,NH,2014,73,6.018046,FALSE,801,11,2014-2018,Transitioning LS,4,FALSE,FALSE,TRUE
171928912020004,NH,2014,116,24.072184,TRUE,801,11,2014-2018,Not LSOG,1,FALSE,FALSE,FALSE
171928941020004,NH,2015,105,66.198506,TRUE,801,11,2014-2018,Transitioning LS,4,FALSE,FALSE,TRUE
171928946020004,NH,2014,112,90.27069,TRUE,801,11,2014-2018,LS,6,FALSE,TRUE,TRUE
171928952020004,NH,2014,111,54.162414,TRUE,801,11,2014-2018,Not LSOG,3,FALSE,FALSE,FALSE
171928953020004,NH,2014,86,36.108276,FALSE,801,11,2014-2018,Transitioning LS,4,FALSE,FALSE,TRUE
171928955020004,NH,2014,73,66.198506,FALSE,801,11,2014-2018,Not LSOG,2,FALSE,FALSE,FALSE
171928956020004,NH,2014,98,90.27069,FALSE,105,11,2014-2018,Transitioning LS,4,FALSE,FALSE,TRUE
171928957020004,NH,2015,82,72.216552,FALSE,801,11,2014-2018,Transitioning LS,4,FALSE,FALSE,TRUE
171929026020004,NH,2014,56,30.09023,FALSE,801,11,2014-2018,Transitioning LS,4,FALSE,FALSE,TRUE
171929029020004,NH,2014,69,6.018046,FALSE,902,11,2014-2018,Transitioning LS,4,FALSE,FALSE,TRUE
171929037020004,NH,2014,94,42.126322,FALSE,801,11,2014-2018,Transitioning LS,4,FALSE,FALSE,TRUE
171929038020004,NH,2015,89,30.09023,FALSE,902,11,2014-2018,Transitioning LS,4,FALSE,FALSE,TRUE
171929039020004,NH,2014,77,6.018046,FALSE,124,11,2014-2018,Transitioning LS,4,FALSE,FALSE,TRUE
171929041020004,NH,2015,113,36.108276,TRUE,801,11,2014-2018,Not LSOG,2,FALSE,FALSE,FALSE
171929042020004,NH,2015,72,30.09023,FALSE,124,11,2014-2018,Not LSOG,3,FALSE,FALSE,FALSE
171929043020004,NH,2014,86,54.162414,FALSE,801,11,2014-2018,Not LSOG,3,FALSE,FALSE,FALSE
171929060020004,NH,2014,55,6.018046,FALSE,801,11,2014-2018,Not LSOG,1,FALSE,FALSE,FALSE
171929063020004,NH,2015,60,42.126322,FALSE,124,11,2014-2018,Transitioning LS,4,FALSE,FALSE,TRUE
171929065020004,NH,2014,18,0,FALSE,123,11,2014-2018,Not LSOG,0,FALSE,FALSE,FALSE
171929068020004,NH,2014,97,12.036092,FALSE,123,11,2014-2018,Transitioning LS,5,FALSE,FALSE,TRUE
171929069020004,NH,2014,83,0,FALSE,124,11,2014-2018,LS,6,FALSE,TRUE,TRUE
171929101020004,NH,2015,93,30.09023,FALSE,902,11,2014-2018,Transitioning LS,4,FALSE,FALSE,TRUE
171929104020004,NH,2015,50,12.036092,FALSE,801,11,2014-2018,Not LSOG,2,FALSE,FALSE,FALSE
171929106020004,NH,2015,75,42.126322,FALSE,801,11,2014-2018,Not LSOG,1,FALSE,FALSE,FALSE
171929107020004,NH,2014,78,48.144368,FALSE,801,11,2014-2018,Not LSOG,1,FALSE,FALSE,FALSE
171929108020004,NH,2014,70,42.126322,FALSE,902,11,2014-2018,Transitioning LS,4,FALSE,FALSE,TRUE
171929109020004,NH,2015,106,66.198506,TRUE,123,11,2014-2018,Transitioning LS,5,FALSE,FALSE,TRUE
171929110020004,NH,2014,75,36.108276,FALSE,801,11,2014-2018,Not LSOG,1,FALSE,FALSE,FALSE
171929111020004,NH,2015,70,18.054138,FALSE,124,11,2014-2018,Not LSOG,2,FALSE,FALSE,FALSE
171929112020004,NH,2015,65,0,FALSE,121,11,2014-2018,Not LSOG,3,FALSE,FALSE,FALSE
171929113020004,NH,2015,65,18.054138,FALSE,124,11,2014-2018,Transitioning LS,4,FALSE,FALSE,TRUE
171929114020004,NH,2015,66,6.018046,FALSE,801,11,2014-2018,Not LSOG,0,FALSE,FALSE,FALSE
171929115020004,NH,2014,83,42.126322,FALSE,902,11,2014-2018,Not LSOG,3,FALSE,FALSE,FALSE
171929116020004,NH,2015,90,18.054138,FALSE,123,11,2014-2018,Transitioning LS,4,FALSE,FALSE,TRUE
171929117020004,NH,2014,92,42.126322,FALSE,801,11,2014-2018,Not LSOG,2,FALSE,FALSE,FALSE
171929118020004,NH,2014,74,54.162414,FALSE,801,11,2014-2018,Not LSOG,1,FALSE,FALSE,FALSE
171929119020004,NH,2014,85,54.162414,FALSE,801,11,2014-2018,Transitioning LS,4,FALSE,FALSE,TRUE
171929120020004,NH,2014,50,0,FALSE,123,11,2014-2018,Transitioning LS,4,FALSE,FALSE,TRUE
171929122020004,NH,2014,22,0,FALSE,962,11,2014-2018,Not LSOG,0,FALSE,FALSE,FALSE
171929123020004,NH,2014,74,30.09023,FALSE,902,11,2014-2018,Transitioning LS,4,FALSE,FALSE,TRUE
171929124020004,NH,2014,50,0,FALSE,121,11,2014-2018,Not LSOG,0,FALSE,FALSE,FALSE
171929125020004,NH,2014,85,12.036092,FALSE,121,11,2014-2018,Not LSOG,3,FALSE,FALSE,FALSE
171929126020004,NH,2014,71,18.054138,FALSE,902,11,2014-2018,Not LSOG,2,FALSE,FALSE,FALSE
171929128020004,NH,2014,60,24.072184,FALSE,801,11,2014-2018,Not LSOG,3,FALSE,FALSE,FALSE
171929129020004,NH,2014,70,18.054138,FALSE,801,11,2014-2018,Not LSOG,1,FALSE,FALSE,FALSE
171929132020004,NH,2014,101,30.09023,TRUE,124,11,2014-2018,Transitioning LS,4,FALSE,FALSE,TRUE
171929133020004,NH,2014,54,0,FALSE,124,11,2014-2018,Not LSOG,1,FALSE,FALSE,FALSE
171929134020004,NH,2015,74,36.108276,FALSE,801,11,2014-2018,Transitioning LS,4,FALSE,FALSE,TRUE
171929135020004,NH,2014,66,84.252644,FALSE,801,11,2014-2018,Transitioning LS,4,FALSE,FALSE,TRUE
171929136020004,NH,2015,65,6.018046,FALSE,121,11,2014-2018,Not LSOG,3,FALSE,FALSE,FALSE
171929137020004,NH,2014,90,48.144368,FALSE,801,11,2014-2018,Not LSOG,2,FALSE,FALSE,FALSE
171929138020004,NH,2014,45,18.054138,FALSE,801,11,2014-2018,Not LSOG,3,FALSE,FALSE,FALSE
171929139020004,NH,2014,75,84.252644,FALSE,805,11,2014-2018,Transitioning LS,5,FALSE,FALSE,TRUE
171929141020004,NH,2015,82,90.27069,FALSE,801,11,2014-2018,Transitioning LS,4,FALSE,FALSE,TRUE
171929142020004,NH,2014,75,54.162414,FALSE,505,11,2014-2018,Not LSOG,3,FALSE,FALSE,FALSE
171929143020004,NH,2015,70,54.162414,FALSE,801,11,2014-2018,Not LSOG,3,FALSE,FALSE,FALSE
171929144020004,NH,2014,50,18.054138,FALSE,801,11,2014-2018,Not LSOG,1,FALSE,FALSE,FALSE
171929145020004,NH,2014,60,0,FALSE,121,11,2014-2018,Not LSOG,3,FALSE,FALSE,FALSE
171929146020004,NH,2014,85,36.108276,FALSE,801,11,2014-2018,Transitioning LS,4,FALSE,FALSE,TRUE
171929147020004,NH,2015,60,12.036092,FALSE,902,11,2014-2018,Not LSOG,1,FALSE,FALSE,FALSE
171929148020004,NH,2014,84,48.144368,FALSE,801,11,2014-2018,Not LSOG,3,FALSE,FALSE,FALSE
171929149020004,NH,2014,85,30.09023,FALSE,801,11,2014-2018,Not LSOG,1,FALSE,FALSE,FALSE
171929150020004,NH,2015,47,6.018046,FALSE,801,11,2014-2018,Not LSOG,2,FALSE,FALSE,FALSE
171929152020004,NH,2014,70,6.018046,FALSE,121,11,2014-2018,Not LSOG,3,FALSE,FALSE,FALSE
171929153020004,NH,2014,68,0,FALSE,124,11,2014-2018,Not LSOG,2,FALSE,FALSE,FALSE
171929154020004,NH,2014,90,54.162414,FALSE,809,11,2014-2018,Transitioning LS,4,FALSE,FALSE,TRUE
171929155020004,NH,2014,60,48.144368,FALSE,801,11,2014-2018,Not LSOG,2,FALSE,FALSE,FALSE
171929156020004,NH,2015,85,12.036092,FALSE,123,11,2014-2018,Transitioning LS,5,FALSE,FALSE,TRUE
243882680489998,ME,2015,72,54.162414,FALSE,801,11,2014-2018,Not LSOG,3,FALSE,FALSE,FALSE
243882686489998,ME,2015,66,0,FALSE,123,11,2014-2018,Not LSOG,1,FALSE,FALSE,FALSE
243883098489998,ME,2015,78,24.072184,FALSE,801,11,2014-2018,Not LSOG,1,FALSE,FALSE,FALSE
243883099489998,ME,2015,67,36.108276,FALSE,123,11,2014-2018,Not LSOG,1,FALSE,FALSE,FALSE
243883100489998,ME,2015,93,48.144368,FALSE,123,11,2014-2018,LS,6,FALSE,TRUE,TRUE
243883101489998,ME,2015,60,36.108276,FALSE,801,11,2014-2018,Not LSOG,2,FALSE,FALSE,FALSE
250845302489998,VT,2015,80,12.036092,FALSE,801,11,2014-2018,Not LSOG,2,FALSE,FALSE,FALSE
250845318489998,VT,2015,80,24.072184,FALSE,801,11,2014-2018,Not LSOG,3,FALSE,FALSE,FALSE
250845323489998,VT,2015,94,42.126322,FALSE,123,11,2014-2018,Transitioning LS,5,FALSE,FALSE,TRUE
250845328489998,VT,2015,94,90.27069,FALSE,801,11,2014-2018,Transitioning LS,5,FALSE,FALSE,TRUE
250845358489998,VT,2015,72,42.126322,FALSE,801,11,2014-2018,Not LSOG,2,FALSE,FALSE,FALSE
250845378489998,VT,2015,59,18.054138,FALSE,123,11,2014-2018,Transitioning LS,4,FALSE,FALSE,TRUE
250845388489998,VT,2015,134,42.126322,TRUE,801,11,2014-2018,Transitioning LS,5,FALSE,FALSE,TRUE
250845391489998,VT,2015,66,12.036092,FALSE,801,11,2014-2018,Not LSOG,1,FALSE,FALSE,FALSE
250845392489998,VT,2015,61,0,FALSE,121,11,2014-2018,Transitioning LS,4,FALSE,FALSE,TRUE
250845393489998,VT,2015,83,78.234598,FALSE,801,11,2014-2018,OG,8,TRUE,TRUE,TRUE
250845394489998,VT,2015,80,60.18046,FALSE,801,11,2014-2018,Not LSOG,3,FALSE,FALSE,FALSE
250845395489998,VT,2015,63,54.162414,FALSE,809,11,2014-2018,Not LSOG,3,FALSE,FALSE,FALSE
250845396489998,VT,2015,7,0,FALSE,902,11,2014-2018,Not LSOG,1,FALSE,FALSE,FALSE
250845397489998,VT,2015,87,30.09023,FALSE,902,11,2014-2018,Not LSOG,2,FALSE,FALSE,FALSE
250845398489998,VT,2015,60,24.072184,FALSE,801,11,2014-2018,Not LSOG,2,FALSE,FALSE,FALSE
250845399489998,VT,2015,55,12.036092,FALSE,121,11,2014-2018,Not LSOG,3,FALSE,FALSE,FALSE
250845400489998,VT,2015,82,42.126322,FALSE,809,11,2014-2018,Transitioning LS,5,FALSE,FALSE,TRUE
250845401489998,VT,2015,100,90.27069,TRUE,801,11,2014-2018,Transitioning LS,5,FALSE,FALSE,TRUE
250845402489998,VT,2015,85,42.126322,FALSE,801,11,2014-2018,Not LSOG,3,FALSE,FALSE,FALSE
250845403489998,VT,2015,89,84.252644,FALSE,801,11,2014-2018,LS,6,FALSE,TRUE,TRUE
250845404489998,VT,2015,58,0,FALSE,801,11,2014-2018,Not LSOG,2,FALSE,FALSE,FALSE
250845405489998,VT,2015,71,36.108276,FALSE,801,11,2014-2018,Not LSOG,1,FALSE,FALSE,FALSE
251633036489998,NY,2015,50,36.108276,FALSE,503,11,2014-2018,Not LSOG,2,FALSE,FALSE,FALSE
251922844489998,NH,2015,59,12.036092,FALSE,801,11,2014-2018,Not LSOG,2,FALSE,FALSE,FALSE
251922849489998,NH,2015,72,42.126322,FALSE,809,11,2014-2018,Transitioning LS,4,FALSE,FALSE,TRUE
251922851489998,NH,2015,81,54.162414,FALSE,801,11,2014-2018,Not LSOG,3,FALSE,FALSE,FALSE
251922874489998,NH,2015,111,42.126322,TRUE,801,11,2014-2018,Not LSOG,3,FALSE,FALSE,FALSE
251922879489998,NH,2015,95,60.18046,FALSE,809,11,2014-2018,Transitioning LS,4,FALSE,FALSE,TRUE
251922885489998,NH,2015,73,72.216552,FALSE,801,11,2014-2018,Not LSOG,2,FALSE,FALSE,FALSE
251922886489998,NH,2015,111,6.018046,TRUE,121,11,2014-2018,Transitioning LS,5,FALSE,FALSE,TRUE
251922888489998,NH,2015,78,48.144368,FALSE,801,11,2014-2018,Not LSOG,2,FALSE,FALSE,FALSE
251922894489998,NH,2015,85,24.072184,FALSE,121,11,2014-2018,Transitioning LS,5,FALSE,FALSE,TRUE
251922916489998,NH,2015,67,72.216552,FALSE,801,11,2014-2018,Transitioning LS,5,FALSE,FALSE,TRUE
251922917489998,NH,2015,85,0,FALSE,902,11,2014-2018,Transitioning LS,5,FALSE,FALSE,TRUE
251922918489998,NH,2015,77,102.306782,FALSE,801,11,2014-2018,Not LSOG,2,FALSE,FALSE,FALSE
251922919489998,NH,2015,80,30.09023,FALSE,801,11,2014-2018,Transitioning LS,4,FALSE,FALSE,TRUE
251922920489998,NH,2015,55,36.108276,FALSE,801,11,2014-2018,Not LSOG,1,FALSE,FALSE,FALSE
251922921489998,NH,2015,69,36.108276,FALSE,801,11,2014-2018,Not LSOG,0,FALSE,FALSE,FALSE
251922922489998,NH,2015,70,54.162414,FALSE,801,11,2014-2018,Transitioning LS,5,FALSE,FALSE,TRUE
251922923489998,NH,2015,75,0,FALSE,123,11,2014-2018,Not LSOG,1,FALSE,FALSE,FALSE
251922924489998,NH,2015,60,6.018046,FALSE,801,11,2014-2018,Not LSOG,2,FALSE,FALSE,FALSE
251922925489998,NH,2015,70,54.162414,FALSE,902,11,2014-2018,Transitioning LS,4,FALSE,FALSE,TRUE
251922926489998,NH,2015,71,60.18046,FALSE,801,11,2014-2018,Not LSOG,2,FALSE,FALSE,FALSE
251922927489998,NH,2015,82,54.162414,FALSE,902,11,2014-2018,Transitioning LS,5,FALSE,FALSE,TRUE
251922928489998,NH,2015,67,42.126322,FALSE,801,11,2014-2018,Not LSOG,3,FALSE,FALSE,FALSE
251922929489998,NH,2015,89,42.126322,FALSE,505,11,2014-2018,Not LSOG,3,FALSE,FALSE,FALSE
251922930489998,NH,2015,64,6.018046,FALSE,801,11,2014-2018,Transitioning LS,4,FALSE,FALSE,TRUE
251922932489998,NH,2015,80,66.198506,FALSE,801,11,2014-2018,Transitioning LS,4,FALSE,FALSE,TRUE
251922933489998,NH,2015,80,18.054138,FALSE,801,11,2014-2018,Not LSOG,2,FALSE,FALSE,FALSE
251922935489998,NH,2015,53,0,FALSE,121,11,2014-2018,Transitioning LS,4,FALSE,FALSE,TRUE
251922936489998,NH,2015,98,54.162414,FALSE,105,11,2014-2018,Not LSOG,3,FALSE,FALSE,FALSE
251922937489998,NH,2015,80,6.018046,FALSE,123,11,2014-2018,Transitioning LS,4,FALSE,FALSE,TRUE
251922938489998,NH,2015,62,0,FALSE,123,11,2014-2018,Not LSOG,3,FALSE,FALSE,FALSE
304030276489998,ME,2016,65,36.108276,FALSE,801,11,2014-2018,Not LSOG,2,FALSE,FALSE,FALSE
304030714489998,ME,2016,81,30.09023,FALSE,801,11,2014-2018,Not LSOG,1,FALSE,FALSE,FALSE
304030715489998,ME,2016,88,42.126322,FALSE,105,11,2014-2018,Transitioning LS,4,FALSE,FALSE,TRUE
304030716489998,ME,2016,59,18.054138,FALSE,801,11,2014-2018,Not LSOG,2,FALSE,FALSE,FALSE
305244657489998,NH,2016,104,0,FALSE,123,11,2014-2018,Transitioning LS,4,FALSE,FALSE,TRUE
305244658489998,NH,2016,110,24.072184,TRUE,105,11,2014-2018,Not LSOG,1,FALSE,FALSE,FALSE
305244659489998,NH,2016,87,78.234598,FALSE,105,11,2014-2018,Transitioning LS,5,FALSE,FALSE,TRUE
305246873489998,NH,2016,82,42.126322,FALSE,801,11,2014-2018,Not LSOG,3,FALSE,FALSE,FALSE
305246889489998,NH,2016,87,24.072184,FALSE,801,11,2014-2018,Transitioning LS,4,FALSE,FALSE,TRUE
305246894489998,NH,2016,98,18.054138,FALSE,801,11,2014-2018,Not LSOG,3,FALSE,FALSE,FALSE
305246895489998,NH,2016,97,36.108276,FALSE,801,11,2014-2018,Not LSOG,2,FALSE,FALSE,FALSE
305246896489998,NH,2016,90,0,FALSE,124,11,2014-2018,LS,6,FALSE,TRUE,TRUE
305246897489998,NH,2016,84,54.162414,FALSE,801,11,2014-2018,Transitioning LS,5,FALSE,FALSE,TRUE
305246900489998,NH,2016,78,48.144368,FALSE,801,11,2014-2018,Not LSOG,2,FALSE,FALSE,FALSE
305246931489998,NH,2016,90,54.162414,FALSE,801,11,2014-2018,Transitioning LS,4,FALSE,FALSE,TRUE
305246932489998,NH,2016,81,6.018046,FALSE,123,11,2014-2018,Transitioning LS,5,FALSE,FALSE,TRUE
305246941489998,NH,2016,62,24.072184,FALSE,121,11,2014-2018,Transitioning LS,5,FALSE,FALSE,TRUE
305246943489998,NH,2016,76,54.162414,FALSE,121,11,2014-2018,Transitioning LS,4,FALSE,FALSE,TRUE
305246951489998,NH,2016,107,54.162414,TRUE,801,11,2014-2018,Not LSOG,3,FALSE,FALSE,FALSE
305246952489998,NH,2016,85,42.126322,FALSE,801,11,2014-2018,Not LSOG,3,FALSE,FALSE,FALSE
305246953489998,NH,2016,80,0,FALSE,124,11,2014-2018,Not LSOG,2,FALSE,FALSE,FALSE
305246954489998,NH,2016,75,30.09023,FALSE,801,11,2014-2018,Not LSOG,2,FALSE,FALSE,FALSE
305246970489998,NH,2016,61,18.054138,FALSE,801,11,2014-2018,Not LSOG,0,FALSE,FALSE,FALSE
305246971489998,NH,2016,77,30.09023,FALSE,801,11,2014-2018,Not LSOG,0,FALSE,FALSE,FALSE
305246972489998,NH,2016,82,48.144368,FALSE,801,11,2014-2018,Not LSOG,3,FALSE,FALSE,FALSE
305246973489998,NH,2016,45,0,FALSE,124,11,2014-2018,Not LSOG,0,FALSE,FALSE,FALSE
305246974489998,NH,2016,63,36.108276,FALSE,902,11,2014-2018,Transitioning LS,4,FALSE,FALSE,TRUE
305247000489998,NH,2016,80,0,FALSE,123,11,2014-2018,Not LSOG,1,FALSE,FALSE,FALSE
305247001489998,NH,2016,65,0,FALSE,121,11,2014-2018,Transitioning LS,4,FALSE,FALSE,TRUE
305247002489998,NH,2016,20,0,FALSE,121,11,2014-2018,Not LSOG,2,FALSE,FALSE,FALSE
305247003489998,NH,2016,82,66.198506,FALSE,801,11,2014-2018,Transitioning LS,5,FALSE,FALSE,TRUE
305247004489998,NH,2016,94,102.306782,FALSE,123,11,2014-2018,Not LSOG,3,FALSE,FALSE,FALSE
305247005489998,NH,2016,82,60.18046,FALSE,801,11,2014-2018,LS,6,FALSE,TRUE,TRUE
305247006489998,NH,2016,45,0,FALSE,801,11,2014-2018,Not LSOG,2,FALSE,FALSE,FALSE
305247007489998,NH,2016,73,24.072184,FALSE,809,11,2014-2018,Transitioning LS,4,FALSE,FALSE,TRUE
305247009489998,NH,2016,95,60.18046,FALSE,801,11,2014-2018,Not LSOG,2,FALSE,FALSE,FALSE
305247010489998,NH,2016,73,24.072184,FALSE,962,11,2014-2018,Not LSOG,3,FALSE,FALSE,FALSE
305247011489998,NH,2016,72,66.198506,FALSE,801,11,2014-2018,Not LSOG,3,FALSE,FALSE,FALSE
305247013489998,NH,2016,88,24.072184,FALSE,123,11,2014-2018,Transitioning LS,4,FALSE,FALSE,TRUE
305247015489998,NH,2016,65,54.162414,FALSE,105,11,2014-2018,Not LSOG,3,FALSE,FALSE,FALSE
305247016489998,NH,2016,107,54.162414,TRUE,801,11,2014-2018,Not LSOG,2,FALSE,FALSE,FALSE
305247017489998,NH,2016,70,0,FALSE,801,11,2014-2018,Not LSOG,1,FALSE,FALSE,FALSE
305247018489998,NH,2016,88,60.18046,FALSE,801,11,2014-2018,Not LSOG,3,FALSE,FALSE,FALSE
305247019489998,NH,2016,85,66.198506,FALSE,801,11,2014-2018,Not LSOG,2,FALSE,FALSE,FALSE
305247020489998,NH,2016,86,30.09023,FALSE,801,11,2014-2018,Transitioning LS,4,FALSE,FALSE,TRUE
305247021489998,NH,2016,90,84.252644,FALSE,505,11,2014-2018,Transitioning LS,4,FALSE,FALSE,TRUE
305247022489998,NH,2016,81,60.18046,FALSE,801,11,2014-2018,Transitioning LS,4,FALSE,FALSE,TRUE
305247027489998,NH,2016,85,84.252644,FALSE,105,11,2014-2018,LS,6,FALSE,TRUE,TRUE
305247028489998,NH,2016,75,36.108276,FALSE,801,11,2014-2018,Not LSOG,3,FALSE,FALSE,FALSE
305247029489998,NH,2016,73,24.072184,FALSE,801,11,2014-2018,Not LSOG,3,FALSE,FALSE,FALSE
305247030489998,NH,2016,65,0,FALSE,121,11,2014-2018,Not LSOG,0,FALSE,FALSE,FALSE
305247031489998,NH,2016,10,6.018046,FALSE,801,11,2014-2018,Not LSOG,1,FALSE,FALSE,FALSE
305247034489998,NH,2016,85,42.126322,FALSE,801,11,2014-2018,Not LSOG,2,FALSE,FALSE,FALSE
305247035489998,NH,2016,41,18.054138,FALSE,902,11,2014-2018,Not LSOG,1,FALSE,FALSE,FALSE
305247036489998,NH,2016,80,54.162414,FALSE,801,11,2014-2018,Not LSOG,3,FALSE,FALSE,FALSE
305247037489998,NH,2016,68,60.18046,FALSE,801,11,2014-2018,Not LSOG,1,FALSE,FALSE,FALSE
305247038489998,NH,2016,86,6.018046,FALSE,121,11,2014-2018,Not LSOG,3,FALSE,FALSE,FALSE
306265625489998,NY,2016,72,24.072184,FALSE,503,11,2014-2018,Not LSOG,2,FALSE,FALSE,FALSE
306265994489998,NY,2016,75,78.234598,FALSE,503,11,2014-2018,Transitioning LS,4,FALSE,FALSE,TRUE
306275567489998,VT,2016,41,0,FALSE,901,11,2014-2018,Not LSOG,1,FALSE,FALSE,FALSE
306275571489998,VT,2016,82,42.126322,FALSE,801,11,2014-2018,Transitioning LS,4,FALSE,FALSE,TRUE
306275595489998,VT,2016,88,24.072184,FALSE,805,11,2014-2018,Not LSOG,2,FALSE,FALSE,FALSE
306275602489998,VT,2016,75,54.162414,FALSE,809,11,2014-2018,Transitioning LS,4,FALSE,FALSE,TRUE
306275603489998,VT,2016,38,0,FALSE,801,11,2014-2018,Transitioning LS,5,FALSE,FALSE,TRUE
306275606489998,VT,2016,77,36.108276,FALSE,801,11,2014-2018,Not LSOG,3,FALSE,FALSE,FALSE
306275612489998,VT,2016,119,66.198506,TRUE,801,11,2014-2018,LS,6,FALSE,TRUE,TRUE
306275613489998,VT,2016,105,72.216552,TRUE,503,11,2014-2018,LS,6,FALSE,TRUE,TRUE
306275665489998,VT,2016,115,42.126322,TRUE,801,11,2014-2018,Not LSOG,3,FALSE,FALSE,FALSE
306275666489998,VT,2016,93,24.072184,FALSE,121,11,2014-2018,Transitioning LS,5,FALSE,FALSE,TRUE
306275713489998,VT,2016,42,18.054138,FALSE,801,11,2014-2018,Transitioning LS,4,FALSE,FALSE,TRUE
306275714489998,VT,2016,76,48.144368,FALSE,801,11,2014-2018,Not LSOG,2,FALSE,FALSE,FALSE
306275715489998,VT,2016,100,6.018046,TRUE,123,11,2014-2018,Not LSOG,1,FALSE,FALSE,FALSE
306275716489998,VT,2016,74,18.054138,FALSE,801,11,2014-2018,Transitioning LS,4,FALSE,FALSE,TRUE
306275717489998,VT,2016,86,54.162414,FALSE,121,11,2014-2018,Not LSOG,3,FALSE,FALSE,FALSE
306275718489998,VT,2016,99,42.126322,FALSE,801,11,2014-2018,Transitioning LS,4,FALSE,FALSE,TRUE
306275719489998,VT,2016,56,36.108276,FALSE,809,11,2014-2018,Not LSOG,2,FALSE,FALSE,FALSE
306275720489998,VT,2016,66,6.018046,FALSE,902,11,2014-2018,Not LSOG,3,FALSE,FALSE,FALSE
306275721489998,VT,2016,67,12.036092,FALSE,801,11,2014-2018,Not LSOG,3,FALSE,FALSE,FALSE
306275722489998,VT,2016,46,42.126322,FALSE,801,11,2014-2018,Not LSOG,1,FALSE,FALSE,FALSE
306275723489998,VT,2016,77,72.216552,FALSE,801,11,2014-2018,Not LSOG,2,FALSE,FALSE,FALSE
306275724489998,VT,2016,108,84.252644,TRUE,902,11,2014-2018,LS,6,FALSE,TRUE,TRUE
306275725489998,VT,2016,32,72.216552,FALSE,105,11,2014-2018,Transitioning LS,4,FALSE,FALSE,TRUE
306275726489998,VT,2016,50,12.036092,FALSE,801,11,2014-2018,Not LSOG,3,FALSE,FALSE,FALSE
306275727489998,VT,2016,40,30.09023,FALSE,801,11,2014-2018,Not LSOG,1,FALSE,FALSE,FALSE
306275728489998,VT,2016,63,6.018046,FALSE,123,11,2014-2018,Not LSOG,2,FALSE,FALSE,FALSE
306275729489998,VT,2016,73,36.108276,FALSE,801,11,2014-2018,Not LSOG,1,FALSE,FALSE,FALSE
306275730489998,VT,2016,78,54.162414,FALSE,801,11,2014-2018,Not LSOG,2,FALSE,FALSE,FALSE
306275731489998,VT,2016,65,18.054138,FALSE,801,11,2014-2018,Not LSOG,0,FALSE,FALSE,FALSE
306275732489998,VT,2016,97,60.18046,FALSE,801,11,2014-2018,LS,7,FALSE,TRUE,TRUE
306275733489998,VT,2016,75,60.18046,FALSE,801,11,2014-2018,Transitioning LS,4,FALSE,FALSE,TRUE
306275734489998,VT,2016,71,54.162414,FALSE,805,11,2014-2018,Not LSOG,2,FALSE,FALSE,FALSE
306275735489998,VT,2016,68,48.144368,FALSE,801,11,2014-2018,Transitioning LS,4,FALSE,FALSE,TRUE
306275736489998,VT,2016,80,42.126322,FALSE,809,11,2014-2018,Transitioning LS,5,FALSE,FALSE,TRUE
306275737489998,VT,2016,85,54.162414,FALSE,809,11,2014-2018,Not LSOG,2,FALSE,FALSE,FALSE
306275738489998,VT,2016,75,42.126322,FALSE,801,11,2014-2018,Not LSOG,0,FALSE,FALSE,FALSE
375013832489998,VT,2017,83,66.198506,FALSE,801,11,2014-2018,Transitioning LS,5,FALSE,FALSE,TRUE
375519120489998,VT,2017,89,6.018046,FALSE,801,11,2014-2018,Transitioning LS,4,FALSE,FALSE,TRUE
375519134489998,VT,2017,80,54.162414,FALSE,801,11,2014-2018,Not LSOG,3,FALSE,FALSE,FALSE
375519135489998,VT,2017,94,66.198506,FALSE,801,11,2014-2018,Transitioning LS,5,FALSE,FALSE,TRUE
375519138489998,VT,2017,91,36.108276,FALSE,801,11,2014-2018,Not LSOG,3,FALSE,FALSE,FALSE
375519139489998,VT,2017,87,48.144368,FALSE,801,11,2014-2018,Transitioning LS,4,FALSE,FALSE,TRUE
375519141489998,VT,2017,105,24.072184,TRUE,123,11,2014-2018,Transitioning LS,4,FALSE,FALSE,TRUE
375519142489998,VT,2017,83,42.126322,FALSE,801,11,2014-2018,Not LSOG,3,FALSE,FALSE,FALSE
375519199489998,VT,2017,75,24.072184,FALSE,801,11,2014-2018,Not LSOG,2,FALSE,FALSE,FALSE
375519200489998,VT,2017,80,66.198506,FALSE,805,11,2014-2018,LS,7,FALSE,TRUE,TRUE
375519202489998,VT,2017,86,42.126322,FALSE,801,11,2014-2018,Transitioning LS,4,FALSE,FALSE,TRUE
375519231489998,VT,2017,76,36.108276,FALSE,801,11,2014-2018,Not LSOG,2,FALSE,FALSE,FALSE
375519233489998,VT,2017,66,24.072184,FALSE,801,11,2014-2018,Not LSOG,2,FALSE,FALSE,FALSE
375519251489998,VT,2017,52,36.108276,FALSE,801,11,2014-2018,Not LSOG,1,FALSE,FALSE,FALSE
375519252489998,VT,2017,67,36.108276,FALSE,124,11,2014-2018,Transitioning LS,5,FALSE,FALSE,TRUE
375519253489998,VT,2017,77,6.018046,FALSE,902,11,2014-2018,Transitioning LS,4,FALSE,FALSE,TRUE
375519254489998,VT,2017,80,48.144368,FALSE,801,11,2014-2018,Not LSOG,3,FALSE,FALSE,FALSE
375519255489998,VT,2017,84,72.216552,FALSE,801,11,2014-2018,Not LSOG,3,FALSE,FALSE,FALSE
375519256489998,VT,2017,86,42.126322,FALSE,801,11,2014-2018,Not LSOG,3,FALSE,FALSE,FALSE
375519257489998,VT,2017,89,6.018046,FALSE,902,11,2014-2018,Transitioning LS,5,FALSE,FALSE,TRUE
375519258489998,VT,2017,44,6.018046,FALSE,801,11,2014-2018,Not LSOG,3,FALSE,FALSE,FALSE
375519259489998,VT,2017,88,54.162414,FALSE,801,11,2014-2018,Not LSOG,2,FALSE,FALSE,FALSE
375519260489998,VT,2017,85,102.306782,FALSE,801,11,2014-2018,LS,6,FALSE,TRUE,TRUE
375519261489998,VT,2017,73,36.108276,FALSE,801,11,2014-2018,Not LSOG,2,FALSE,FALSE,FALSE
375519262489998,VT,2017,83,72.216552,FALSE,801,11,2014-2018,Transitioning LS,5,FALSE,FALSE,TRUE
375519263489998,VT,2017,63,12.036092,FALSE,801,11,2014-2018,Transitioning LS,5,FALSE,FALSE,TRUE
375519264489998,VT,2017,72,18.054138,FALSE,801,11,2014-2018,Not LSOG,2,FALSE,FALSE,FALSE
375519265489998,VT,2017,115,90.27069,TRUE,805,11,2014-2018,LS,6,FALSE,TRUE,TRUE
375519266489998,VT,2017,94,78.234598,FALSE,123,11,2014-2018,Transitioning LS,4,FALSE,FALSE,TRUE
375519267489998,VT,2017,88,54.162414,FALSE,801,11,2014-2018,Transitioning LS,5,FALSE,FALSE,TRUE
375519268489998,VT,2017,87,54.162414,FALSE,801,11,2014-2018,Not LSOG,3,FALSE,FALSE,FALSE
375519269489998,VT,2017,119,60.18046,TRUE,801,11,2014-2018,Transitioning LS,5,FALSE,FALSE,TRUE
375519270489998,VT,2017,70,0,FALSE,801,11,2014-2018,Not LSOG,3,FALSE,FALSE,FALSE
375583549489998,NH,2017,98,48.144368,FALSE,801,11,2014-2018,Not LSOG,3,FALSE,FALSE,FALSE
375583556489998,NH,2017,91,30.09023,FALSE,801,11,2014-2018,Not LSOG,3,FALSE,FALSE,FALSE
375583558489998,NH,2017,91,42.126322,FALSE,801,11,2014-2018,Not LSOG,3,FALSE,FALSE,FALSE
375583559489998,NH,2017,85,90.27069,FALSE,801,11,2014-2018,Transitioning LS,4,FALSE,FALSE,TRUE
375583589489998,NH,2017,91,66.198506,FALSE,801,11,2014-2018,Transitioning LS,4,FALSE,FALSE,TRUE
375583590489998,NH,2017,115,0,FALSE,125,11,2014-2018,Transitioning LS,4,FALSE,FALSE,TRUE
375583591489998,NH,2017,100,30.09023,TRUE,123,11,2014-2018,Transitioning LS,4,FALSE,FALSE,TRUE
375583599489998,NH,2017,88,84.252644,FALSE,505,11,2014-2018,Transitioning LS,5,FALSE,FALSE,TRUE
375583600489998,NH,2017,84,42.126322,FALSE,801,11,2014-2018,Not LSOG,2,FALSE,FALSE,FALSE
375583607489998,NH,2017,97,0,FALSE,121,11,2014-2018,Transitioning LS,4,FALSE,FALSE,TRUE
375583608489998,NH,2017,95,0,FALSE,121,11,2014-2018,LS,6,FALSE,TRUE,TRUE
375583609489998,NH,2017,97,48.144368,FALSE,801,11,2014-2018,Not LSOG,3,FALSE,FALSE,FALSE
375583612489998,NH,2017,62,42.126322,FALSE,801,11,2014-2018,Transitioning LS,4,FALSE,FALSE,TRUE
375583627489998,NH,2017,89,36.108276,FALSE,809,11,2014-2018,Not LSOG,2,FALSE,FALSE,FALSE
375583630489998,NH,2017,23,0,FALSE,124,11,2014-2018,Not LSOG,1,FALSE,FALSE,FALSE
375583631489998,NH,2017,66,12.036092,FALSE,962,11,2014-2018,Not LSOG,2,FALSE,FALSE,FALSE
375583634489998,NH,2017,89,54.162414,FALSE,801,11,2014-2018,Transitioning LS,5,FALSE,FALSE,TRUE
375583658489998,NH,2017,49,12.036092,FALSE,801,11,2014-2018,Not LSOG,2,FALSE,FALSE,FALSE
375583659489998,NH,2017,77,48.144368,FALSE,801,11,2014-2018,Not LSOG,2,FALSE,FALSE,FALSE
375583661489998,NH,2017,75,6.018046,FALSE,121,11,2014-2018,Transitioning LS,4,FALSE,FALSE,TRUE
375583662489998,NH,2017,75,54.162414,FALSE,801,11,2014-2018,Not LSOG,3,FALSE,FALSE,FALSE
375583663489998,NH,2017,73,24.072184,FALSE,801,11,2014-2018,Not LSOG,1,FALSE,FALSE,FALSE
375583664489998,NH,2017,73,18.054138,FALSE,123,11,2014-2018,Transitioning LS,4,FALSE,FALSE,TRUE
375583665489998,NH,2017,35,0,FALSE,809,11,2014-2018,Not LSOG,2,FALSE,FALSE,FALSE
375583666489998,NH,2017,95,30.09023,FALSE,801,11,2014-2018,Transitioning LS,4,FALSE,FALSE,TRUE
375583667489998,NH,2017,76,18.054138,FALSE,124,11,2014-2018,Transitioning LS,4,FALSE,FALSE,TRUE
375583668489998,NH,2017,84,42.126322,FALSE,801,11,2014-2018,Transitioning LS,4,FALSE,FALSE,TRUE
375583669489998,NH,2017,66,24.072184,FALSE,801,11,2014-2018,Not LSOG,1,FALSE,FALSE,FALSE
375583670489998,NH,2017,75,18.054138,FALSE,801,11,2014-2018,Not LSOG,0,FALSE,FALSE,FALSE
375583672489998,NH,2017,83,0,FALSE,124,11,2014-2018,LS,6,FALSE,TRUE,TRUE
375583673489998,NH,2017,101,42.126322,TRUE,123,11,2014-2018,Transitioning LS,5,FALSE,FALSE,TRUE
375583674489998,NH,2017,104,24.072184,TRUE,124,11,2014-2018,Transitioning LS,4,FALSE,FALSE,TRUE
375583675489998,NH,2017,114,54.162414,TRUE,801,11,2014-2018,Not LSOG,3,FALSE,FALSE,FALSE
375583676489998,NH,2017,66,24.072184,FALSE,124,11,2014-2018,Not LSOG,3,FALSE,FALSE,FALSE
375583677489998,NH,2017,91,42.126322,FALSE,801,11,2014-2018,Transitioning LS,4,FALSE,FALSE,TRUE
375583678489998,NH,2017,99,36.108276,FALSE,801,11,2014-2018,Not LSOG,2,FALSE,FALSE,FALSE
375583679489998,NH,2017,103,42.126322,TRUE,801,11,2014-2018,Not LSOG,2,FALSE,FALSE,FALSE
375583681489998,NH,2017,89,48.144368,FALSE,801,11,2014-2018,Not LSOG,3,FALSE,FALSE,FALSE
375583682489998,NH,2017,86,12.036092,FALSE,124,11,2014-2018,Transitioning LS,4,FALSE,FALSE,TRUE
375583683489998,NH,2017,77,36.108276,FALSE,801,11,2014-2018,Not LSOG,2,FALSE,FALSE,FALSE
375583684489998,NH,2017,75,18.054138,FALSE,124,11,2014-2018,Not LSOG,3,FALSE,FALSE,FALSE
375583685489998,NH,2017,70,24.072184,FALSE,809,11,2014-2018,Not LSOG,1,FALSE,FALSE,FALSE
375583687489998,NH,2017,49,12.036092,FALSE,801,11,2014-2018,Not LSOG,1,FALSE,FALSE,FALSE
375583688489998,NH,2017,57,36.108276,FALSE,124,11,2014-2018,Transitioning LS,5,FALSE,FALSE,TRUE
375583689489998,NH,2017,60,0,FALSE,801,11,2014-2018,Not LSOG,2,FALSE,FALSE,FALSE
375583690489998,NH,2017,90,36.108276,FALSE,801,11,2014-2018,Not LSOG,3,FALSE,FALSE,FALSE
375583691489998,NH,2017,75,24.072184,FALSE,902,11,2014-2018,Transitioning LS,4,FALSE,FALSE,TRUE
375583692489998,NH,2017,77,18.054138,FALSE,902,11,2014-2018,Transitioning LS,4,FALSE,FALSE,TRUE
375583693489998,NH,2017,103,72.216552,TRUE,801,11,2014-2018,Transitioning LS,4,FALSE,FALSE,TRUE
375583694489998,NH,2017,110,102.306782,TRUE,105,11,2014-2018,Transitioning LS,5,FALSE,FALSE,TRUE
375583695489998,NH,2017,71,0,FALSE,123,11,2014-2018,Not LSOG,3,FALSE,FALSE,FALSE
375583696489998,NH,2017,81,12.036092,FALSE,124,11,2014-2018,Transitioning LS,5,FALSE,FALSE,TRUE
375583697489998,NH,2017,55,42.126322,FALSE,801,11,2014-2018,Not LSOG,1,FALSE,FALSE,FALSE
375682386489998,NY,2017,66,42.126322,FALSE,409,11,2014-2018,Transitioning LS,5,FALSE,FALSE,TRUE
375683073489998,NY,2017,98,96.288736,FALSE,505,11,2014-2018,LS,6,FALSE,TRUE,TRUE
375823094489998,ME,2017,97,60.18046,FALSE,801,11,2014-2018,Transitioning LS,4,FALSE,FALSE,TRUE
375823796489998,ME,2017,84,42.126322,FALSE,801,11,2014-2018,Not LSOG,2,FALSE,FALSE,FALSE
375823797489998,ME,2017,85,30.09023,FALSE,123,11,2014-2018,Transitioning LS,5,FALSE,FALSE,TRUE
375823798489998,ME,2017,55,0,FALSE,801,11,2014-2018,Not LSOG,2,FALSE,FALSE,FALSE
375823799489998,ME,2017,113,102.306782,TRUE,104,11,2014-2018,OG,8,TRUE,TRUE,TRUE
451063134489998,ME,2018,55,18.054138,FALSE,708,11,2014-2018,Not LSOG,1,FALSE,FALSE,FALSE
451063371489998,ME,2018,123,126.378966,TRUE,801,11,2014-2018,OG,8,TRUE,TRUE,TRUE
451063820489998,ME,2018,55,12.036092,FALSE,801,11,2014-2018,Not LSOG,2,FALSE,FALSE,FALSE
451063822489998,ME,2018,82,12.036092,FALSE,809,11,2014-2018,Not LSOG,2,FALSE,FALSE,FALSE
451063823489998,ME,2018,91,66.198506,FALSE,801,11,2014-2018,Transitioning LS,4,FALSE,FALSE,TRUE
451063824489998,ME,2018,95,126.378966,FALSE,104,11,2014-2018,Transitioning LS,5,FALSE,FALSE,TRUE
451063825489998,ME,2018,72,18.054138,FALSE,105,11,2014-2018,Not LSOG,1,FALSE,FALSE,FALSE
459758944489998,NH,2018,83,36.108276,FALSE,124,11,2014-2018,Transitioning LS,5,FALSE,FALSE,TRUE
459758965489998,NH,2018,89,54.162414,FALSE,801,11,2014-2018,Not LSOG,3,FALSE,FALSE,FALSE
459758966489998,NH,2018,81,24.072184,FALSE,121,11,2014-2018,Transitioning LS,5,FALSE,FALSE,TRUE
459758973489998,NH,2018,99,36.108276,FALSE,801,11,2014-2018,Not LSOG,3,FALSE,FALSE,FALSE
459759003489998,NH,2018,87,6.018046,FALSE,125,11,2014-2018,Not LSOG,1,FALSE,FALSE,FALSE
459759017489998,NH,2018,73,0,FALSE,902,11,2014-2018,Transitioning LS,5,FALSE,FALSE,TRUE
459759018489998,NH,2018,88,6.018046,FALSE,902,11,2014-2018,Transitioning LS,4,FALSE,FALSE,TRUE
459759019489998,NH,2018,113,84.252644,TRUE,801,11,2014-2018,Transitioning LS,5,FALSE,FALSE,TRUE
459759022489998,NH,2018,80,0,FALSE,121,11,2014-2018,Transitioning LS,4,FALSE,FALSE,TRUE
459759046489998,NH,2018,92,60.18046,FALSE,801,11,2014-2018,Not LSOG,3,FALSE,FALSE,FALSE
459759047489998,NH,2018,77,48.144368,FALSE,121,11,2014-2018,Transitioning LS,4,FALSE,FALSE,TRUE
459759049489998,NH,2018,31,6.018046,FALSE,801,11,2014-2018,Not LSOG,1,FALSE,FALSE,FALSE
459759050489998,NH,2018,78,6.018046,FALSE,902,11,2014-2018,Transitioning LS,4,FALSE,FALSE,TRUE
459759051489998,NH,2018,88,0,FALSE,121,11,2014-2018,Transitioning LS,5,FALSE,FALSE,TRUE
459759052489998,NH,2018,75,0,FALSE,902,11,2014-2018,Transitioning LS,4,FALSE,FALSE,TRUE
459759083489998,NH,2018,88,24.072184,FALSE,801,11,2014-2018,Not LSOG,3,FALSE,FALSE,FALSE
459759084489998,NH,2018,87,54.162414,FALSE,121,11,2014-2018,Transitioning LS,4,FALSE,FALSE,TRUE
459759085489998,NH,2018,50,6.018046,FALSE,801,11,2014-2018,Not LSOG,2,FALSE,FALSE,FALSE
459759086489998,NH,2018,96,114.342874,FALSE,801,11,2014-2018,Transitioning LS,5,FALSE,FALSE,TRUE
459759087489998,NH,2018,80,12.036092,FALSE,902,11,2014-2018,Transitioning LS,4,FALSE,FALSE,TRUE
459759088489998,NH,2018,66,12.036092,FALSE,121,11,2014-2018,Transitioning LS,4,FALSE,FALSE,TRUE
459759089489998,NH,2018,86,60.18046,FALSE,105,11,2014-2018,Not LSOG,2,FALSE,FALSE,FALSE
459759119489998,NH,2018,94,60.18046,FALSE,801,11,2014-2018,Not LSOG,2,FALSE,FALSE,FALSE
459759128489998,NH,2018,86,60.18046,FALSE,124,11,2014-2018,Not LSOG,2,FALSE,FALSE,FALSE
459759129489998,NH,2018,81,36.108276,FALSE,801,11,2014-2018,Not LSOG,3,FALSE,FALSE,FALSE
459759133489998,NH,2018,96,78.234598,FALSE,801,11,2014-2018,Transitioning LS,5,FALSE,FALSE,TRUE
459759135489998,NH,2018,91,48.144368,FALSE,801,11,2014-2018,Transitioning LS,4,FALSE,FALSE,TRUE
459759139489998,NH,2018,89,36.108276,FALSE,123,11,2014-2018,Transitioning LS,4,FALSE,FALSE,TRUE
459759141489998,NH,2018,104,48.144368,TRUE,123,11,2014-2018,Not LSOG,2,FALSE,FALSE,FALSE
459759142489998,NH,2018,66,30.09023,FALSE,801,11,2014-2018,Not LSOG,1,FALSE,FALSE,FALSE
459759145489998,NH,2018,64,0,FALSE,121,11,2014-2018,Transitioning LS,4,FALSE,FALSE,TRUE
459759146489998,NH,2018,75,18.054138,FALSE,902,11,2014-2018,Transitioning LS,5,FALSE,FALSE,TRUE
459759147489998,NH,2018,41,0,FALSE,124,11,2014-2018,Not LSOG,3,FALSE,FALSE,FALSE
459759148489998,NH,2018,86,24.072184,FALSE,801,11,2014-2018,Transitioning LS,4,FALSE,FALSE,TRUE
459759149489998,NH,2018,78,72.216552,FALSE,809,11,2014-2018,Not LSOG,2,FALSE,FALSE,FALSE
459759150489998,NH,2018,73,60.18046,FALSE,505,11,2014-2018,Not LSOG,2,FALSE,FALSE,FALSE
459759151489998,NH,2018,92,48.144368,FALSE,124,11,2014-2018,Transitioning LS,4,FALSE,FALSE,TRUE
459759152489998,NH,2018,66,0,FALSE,121,11,2014-2018,Transitioning LS,4,FALSE,FALSE,TRUE
459759153489998,NH,2018,63,18.054138,FALSE,801,11,2014-2018,Not LSOG,2,FALSE,FALSE,FALSE
459759154489998,NH,2018,87,60.18046,FALSE,801,11,2014-2018,Not LSOG,2,FALSE,FALSE,FALSE
459759155489998,NH,2018,88,30.09023,FALSE,121,11,2014-2018,Transitioning LS,5,FALSE,FALSE,TRUE
459759156489998,NH,2018,78,24.072184,FALSE,801,11,2014-2018,Not LSOG,2,FALSE,FALSE,FALSE
459759157489998,NH,2018,55,6.018046,FALSE,902,11,2014-2018,Transitioning LS,4,FALSE,FALSE,TRUE
459759158489998,NH,2018,79,42.126322,FALSE,801,11,2014-2018,Not LSOG,1,FALSE,FALSE,FALSE
459759160489998,NH,2018,91,66.198506,FALSE,801,11,2014-2018,Not LSOG,3,FALSE,FALSE,FALSE
459759161489998,NH,2018,101,12.036092,TRUE,121,11,2014-2018,Transitioning LS,5,FALSE,FALSE,TRUE
459759162489998,NH,2018,77,54.162414,FALSE,801,11,2014-2018,Not LSOG,3,FALSE,FALSE,FALSE
459836205489998,NY,2018,61,42.126322,FALSE,401,11,2014-2018,Not LSOG,2,FALSE,FALSE,FALSE
464691022489998,VT,2018,98,72.216552,FALSE,801,11,2014-2018,Transitioning LS,5,FALSE,FALSE,TRUE
464691426489998,VT,2018,81,66.198506,FALSE,801,11,2014-2018,Transitioning LS,4,FALSE,FALSE,TRUE
464691433489998,VT,2018,92,84.252644,FALSE,123,11,2014-2018,LS,6,FALSE,TRUE,TRUE
464691495489998,VT,2018,53,12.036092,FALSE,801,11,2014-2018,Not LSOG,2,FALSE,FALSE,FALSE
464691496489998,VT,2018,78,48.144368,FALSE,801,11,2014-2018,Not LSOG,1,FALSE,FALSE,FALSE
464691534489998,VT,2018,67,30.09023,FALSE,801,11,2014-2018,Not LSOG,2,FALSE,FALSE,FALSE
464691535489998,VT,2018,108,60.18046,TRUE,801,11,2014-2018,Transitioning LS,5,FALSE,FALSE,TRUE
464691537489998,VT,2018,56,6.018046,FALSE,124,11,2014-2018,Not LSOG,3,FALSE,FALSE,FALSE
464691541489998,VT,2018,100,60.18046,TRUE,801,11,2014-2018,Transitioning LS,5,FALSE,FALSE,TRUE
464691542489998,VT,2018,75,48.144368,FALSE,801,11,2014-2018,Not LSOG,3,FALSE,FALSE,FALSE
464691543489998,VT,2018,105,78.234598,TRUE,801,11,2014-2018,LS,6,FALSE,TRUE,TRUE
464691544489998,VT,2018,66,0,FALSE,123,11,2014-2018,Not LSOG,1,FALSE,FALSE,FALSE
464691545489998,VT,2018,99,60.18046,FALSE,801,11,2014-2018,Transitioning LS,5,FALSE,FALSE,TRUE
464691546489998,VT,2018,42,12.036092,FALSE,801,11,2014-2018,Transitioning LS,4,FALSE,FALSE,TRUE
464691547489998,VT,2018,77,72.216552,FALSE,801,11,2014-2018,Transitioning LS,5,FALSE,FALSE,TRUE
464691548489998,VT,2018,52,24.072184,FALSE,801,11,2014-2018,Not LSOG,2,FALSE,FALSE,FALSE
464691549489998,VT,2018,76,60.18046,FALSE,103,11,2014-2018,Transitioning LS,5,FALSE,FALSE,TRUE
464691550489998,VT,2018,113,66.198506,TRUE,801,11,2014-2018,Transitioning LS,5,FALSE,FALSE,TRUE
464691551489998,VT,2018,72,30.09023,FALSE,801,11,2014-2018,Not LSOG,2,FALSE,FALSE,FALSE
464691552489998,VT,2018,80,48.144368,FALSE,902,11,2014-2018,LS,6,FALSE,TRUE,TRUE
464691553489998,VT,2018,34,24.072184,FALSE,801,11,2014-2018,Transitioning LS,4,FALSE,FALSE,TRUE
464691554489998,VT,2018,56,30.09023,FALSE,801,11,2014-2018,Not LSOG,2,FALSE,FALSE,FALSE
464691555489998,VT,2018,81,72.216552,FALSE,801,11,2014-2018,Transitioning LS,5,FALSE,FALSE,TRUE
464691556489998,VT,2018,50,30.09023,FALSE,801,11,2014-2018,Transitioning LS,4,FALSE,FALSE,TRUE
464691557489998,VT,2018,65,0,FALSE,121,11,2014-2018,Not LSOG,3,FALSE,FALSE,FALSE
464691558489998,VT,2018,82,66.198506,FALSE,805,11,2014-2018,Transitioning LS,4,FALSE,FALSE,TRUE
464691559489998,VT,2018,90,54.162414,FALSE,801,11,2014-2018,Transitioning LS,4,FALSE,FALSE,TRUE
464691560489998,VT,2018,95,78.234598,FALSE,124,11,2014-2018,Transitioning LS,5,FALSE,FALSE,TRUE
464691561489998,VT,2018,68,48.144368,FALSE,801,11,2014-2018,Not LSOG,2,FALSE,FALSE,FALSE
464691562489998,VT,2018,73,18.054138,FALSE,121,11,2014-2018,Transitioning LS,5,FALSE,FALSE,TRUE
464691563489998,VT,2018,78,6.018046,FALSE,801,11,2014-2018,Not LSOG,1,FALSE,FALSE,FALSE
464691564489998,VT,2018,43,12.036092,FALSE,809,11,2014-2018,Not LSOG,1,FALSE,FALSE,FALSE
464691565489998,VT,2018,127,48.144368,TRUE,801,11,2014-2018,OG,8,TRUE,TRUE,TRUE
464691566489998,VT,2018,70,42.126322,FALSE,809,11,2014-2018,Not LSOG,2,FALSE,FALSE,FALSE
464691567489998,VT,2018,118,48.144368,TRUE,801,11,2014-2018,Transitioning LS,4,FALSE,FALSE,TRUE
509642480126144,ME,2019,98,36.108276,FALSE,801,11,2019-2023,Not LSOG,3,FALSE,FALSE,FALSE
509642573126144,ME,2019,80,42.126322,FALSE,801,11,2019-2023,Transitioning LS,4,FALSE,FALSE,TRUE
509642645126144,ME,2019,58,6.018046,FALSE,809,11,2019-2023,Not LSOG,1,FALSE,FALSE,FALSE
509642646126144,ME,2019,83,12.036092,FALSE,123,11,2019-2023,Transitioning LS,4,FALSE,FALSE,TRUE
509642647126144,ME,2019,90,0,FALSE,124,11,2019-2023,Not LSOG,2,FALSE,FALSE,FALSE
511084199126144,NH,2019,70,12.036092,FALSE,124,11,2019-2023,Transitioning LS,4,FALSE,FALSE,TRUE
511084200126144,NH,2019,92,102.306782,FALSE,105,11,2019-2023,Transitioning LS,4,FALSE,FALSE,TRUE
511084201126144,NH,2019,103,72.216552,TRUE,801,11,2019-2023,Transitioning LS,5,FALSE,FALSE,TRUE
511084212126144,NH,2019,54,18.054138,FALSE,801,11,2019-2023,Not LSOG,2,FALSE,FALSE,FALSE
511084213126144,NH,2019,95,48.144368,FALSE,801,11,2019-2023,Not LSOG,3,FALSE,FALSE,FALSE
511084215126144,NH,2019,101,12.036092,TRUE,121,11,2019-2023,Transitioning LS,5,FALSE,FALSE,TRUE
511084216126144,NH,2019,70,30.09023,FALSE,801,11,2019-2023,Not LSOG,2,FALSE,FALSE,FALSE
511084217126144,NH,2019,78,12.036092,FALSE,801,11,2019-2023,Not LSOG,2,FALSE,FALSE,FALSE
511084232126144,NH,2019,80,30.09023,FALSE,801,11,2019-2023,Not LSOG,3,FALSE,FALSE,FALSE
511084233126144,NH,2019,69,30.09023,FALSE,124,11,2019-2023,Transitioning LS,4,FALSE,FALSE,TRUE
511084234126144,NH,2019,70,6.018046,FALSE,124,11,2019-2023,Not LSOG,3,FALSE,FALSE,FALSE
511084235126144,NH,2019,87,54.162414,FALSE,801,11,2019-2023,Transitioning LS,4,FALSE,FALSE,TRUE
511084236126144,NH,2019,96,66.198506,FALSE,801,11,2019-2023,Not LSOG,3,FALSE,FALSE,FALSE
511084237126144,NH,2019,90,18.054138,FALSE,801,11,2019-2023,Not LSOG,2,FALSE,FALSE,FALSE
511084238126144,NH,2019,98,6.018046,FALSE,962,11,2019-2023,Not LSOG,3,FALSE,FALSE,FALSE
511084239126144,NH,2019,77,24.072184,FALSE,121,11,2019-2023,Transitioning LS,4,FALSE,FALSE,TRUE
511084241126144,NH,2019,110,12.036092,TRUE,124,11,2019-2023,Not LSOG,3,FALSE,FALSE,FALSE
511084242126144,NH,2019,57,36.108276,FALSE,801,11,2019-2023,Not LSOG,1,FALSE,FALSE,FALSE
511084243126144,NH,2019,77,48.144368,FALSE,801,11,2019-2023,Not LSOG,3,FALSE,FALSE,FALSE
511084244126144,NH,2019,81,42.126322,FALSE,801,11,2019-2023,Not LSOG,3,FALSE,FALSE,FALSE
511084245126144,NH,2019,64,0,FALSE,121,11,2019-2023,Transitioning LS,4,FALSE,FALSE,TRUE
511084386126144,NH,2019,80,54.162414,FALSE,902,11,2019-2023,Not LSOG,2,FALSE,FALSE,FALSE
511084387126144,NH,2019,75,30.09023,FALSE,801,11,2019-2023,Not LSOG,2,FALSE,FALSE,FALSE
511084388126144,NH,2019,71,6.018046,FALSE,902,11,2019-2023,Not LSOG,1,FALSE,FALSE,FALSE
511084389126144,NH,2019,56,6.018046,FALSE,121,11,2019-2023,Not LSOG,3,FALSE,FALSE,FALSE
511084390126144,NH,2019,30,0,FALSE,801,11,2019-2023,Not LSOG,2,FALSE,FALSE,FALSE
511084391126144,NH,2019,137,114.342874,TRUE,801,11,2019-2023,LS,7,FALSE,TRUE,TRUE
511084393126144,NH,2019,114,90.27069,TRUE,801,11,2019-2023,Transitioning LS,4,FALSE,FALSE,TRUE
511084413126144,NH,2019,86,42.126322,FALSE,801,11,2019-2023,Not LSOG,3,FALSE,FALSE,FALSE
511084414126144,NH,2019,90,36.108276,FALSE,123,11,2019-2023,Transitioning LS,4,FALSE,FALSE,TRUE
511084415126144,NH,2019,111,0,FALSE,121,11,2019-2023,Transitioning LS,4,FALSE,FALSE,TRUE
511084416126144,NH,2019,95,120.36092,FALSE,801,11,2019-2023,Transitioning LS,5,FALSE,FALSE,TRUE
511084417126144,NH,2019,73,24.072184,FALSE,801,11,2019-2023,Not LSOG,2,FALSE,FALSE,FALSE
511084440126144,NH,2019,86,42.126322,FALSE,123,11,2019-2023,Transitioning LS,4,FALSE,FALSE,TRUE
511084441126144,NH,2019,96,18.054138,FALSE,124,11,2019-2023,Transitioning LS,5,FALSE,FALSE,TRUE
511084442126144,NH,2019,88,36.108276,FALSE,801,11,2019-2023,Not LSOG,2,FALSE,FALSE,FALSE
511084443126144,NH,2019,80,6.018046,FALSE,123,11,2019-2023,Not LSOG,2,FALSE,FALSE,FALSE
511084444126144,NH,2019,75,12.036092,FALSE,123,11,2019-2023,Not LSOG,2,FALSE,FALSE,FALSE
511084445126144,NH,2019,86,24.072184,FALSE,801,11,2019-2023,Transitioning LS,4,FALSE,FALSE,TRUE
511084446126144,NH,2019,85,6.018046,FALSE,121,11,2019-2023,Not LSOG,2,FALSE,FALSE,FALSE
511084447126144,NH,2019,41,18.054138,FALSE,801,11,2019-2023,Not LSOG,1,FALSE,FALSE,FALSE
511084448126144,NH,2019,97,6.018046,FALSE,123,11,2019-2023,LS,6,FALSE,TRUE,TRUE
511084450126144,NH,2019,85,18.054138,FALSE,801,11,2019-2023,Not LSOG,3,FALSE,FALSE,FALSE
511084451126144,NH,2019,67,36.108276,FALSE,809,11,2019-2023,Not LSOG,3,FALSE,FALSE,FALSE
511084452126144,NH,2019,82,60.18046,FALSE,809,11,2019-2023,Transitioning LS,4,FALSE,FALSE,TRUE
511084453126144,NH,2019,86,78.234598,FALSE,801,11,2019-2023,Not LSOG,3,FALSE,FALSE,FALSE
511084454126144,NH,2019,60,48.144368,FALSE,801,11,2019-2023,Not LSOG,3,FALSE,FALSE,FALSE
511084455126144,NH,2019,91,6.018046,FALSE,123,11,2019-2023,Transitioning LS,4,FALSE,FALSE,TRUE
511084456126144,NH,2019,51,18.054138,FALSE,123,11,2019-2023,Not LSOG,3,FALSE,FALSE,FALSE
511084457126144,NH,2019,81,90.27069,FALSE,801,11,2019-2023,Transitioning LS,5,FALSE,FALSE,TRUE
511084458126144,NH,2019,61,54.162414,FALSE,801,11,2019-2023,Not LSOG,2,FALSE,FALSE,FALSE
511084459126144,NH,2019,26,0,FALSE,801,11,2019-2023,Not LSOG,1,FALSE,FALSE,FALSE
511169712126144,NY,2019,91,36.108276,FALSE,503,11,2019-2023,Not LSOG,2,FALSE,FALSE,FALSE
511267852126144,VT,2019,54,12.036092,FALSE,801,11,2019-2023,Not LSOG,3,FALSE,FALSE,FALSE
511267880126144,VT,2019,97,30.09023,FALSE,801,11,2019-2023,Not LSOG,2,FALSE,FALSE,FALSE
511267883126144,VT,2019,94,48.144368,FALSE,801,11,2019-2023,Transitioning LS,5,FALSE,FALSE,TRUE
511267884126144,VT,2019,82,48.144368,FALSE,801,11,2019-2023,Transitioning LS,5,FALSE,FALSE,TRUE
511267886126144,VT,2019,79,84.252644,FALSE,801,11,2019-2023,Not LSOG,3,FALSE,FALSE,FALSE
511267919126144,VT,2019,89,30.09023,FALSE,801,11,2019-2023,Not LSOG,3,FALSE,FALSE,FALSE
511267948126144,VT,2019,95,60.18046,FALSE,801,11,2019-2023,Transitioning LS,4,FALSE,FALSE,TRUE
511267949126144,VT,2019,80,48.144368,FALSE,801,11,2019-2023,Not LSOG,3,FALSE,FALSE,FALSE
511267950126144,VT,2019,91,42.126322,FALSE,801,11,2019-2023,Not LSOG,3,FALSE,FALSE,FALSE
511267951126144,VT,2019,59,36.108276,FALSE,809,11,2019-2023,Not LSOG,1,FALSE,FALSE,FALSE
511267952126144,VT,2019,94,66.198506,FALSE,801,11,2019-2023,Not LSOG,3,FALSE,FALSE,FALSE
511267953126144,VT,2019,88,48.144368,FALSE,801,11,2019-2023,Not LSOG,2,FALSE,FALSE,FALSE
511267954126144,VT,2019,95,54.162414,FALSE,801,11,2019-2023,Not LSOG,3,FALSE,FALSE,FALSE
511267955126144,VT,2019,93,60.18046,FALSE,805,11,2019-2023,Not LSOG,3,FALSE,FALSE,FALSE
511267958126144,VT,2019,71,66.198506,FALSE,801,11,2019-2023,Not LSOG,2,FALSE,FALSE,FALSE
511267959126144,VT,2019,66,12.036092,FALSE,801,11,2019-2023,Transitioning LS,5,FALSE,FALSE,TRUE
511267960126144,VT,2019,65,84.252644,FALSE,801,11,2019-2023,Transitioning LS,5,FALSE,FALSE,TRUE
511267961126144,VT,2019,66,60.18046,FALSE,801,11,2019-2023,Not LSOG,1,FALSE,FALSE,FALSE
511267962126144,VT,2019,105,48.144368,TRUE,801,11,2019-2023,Not LSOG,3,FALSE,FALSE,FALSE
511268732126144,VT,2019,72,36.108276,FALSE,801,11,2019-2023,Not LSOG,3,FALSE,FALSE,FALSE
511268748126144,VT,2019,70,30.09023,FALSE,801,11,2019-2023,Not LSOG,3,FALSE,FALSE,FALSE
511268750126144,VT,2019,89,66.198506,FALSE,809,11,2019-2023,LS,7,FALSE,TRUE,TRUE
511268762126144,VT,2019,68,6.018046,FALSE,708,11,2019-2023,Not LSOG,1,FALSE,FALSE,FALSE
511268792126144,VT,2019,42,0,FALSE,801,11,2019-2023,Not LSOG,2,FALSE,FALSE,FALSE
511268793126144,VT,2019,82,78.234598,FALSE,809,11,2019-2023,LS,7,FALSE,TRUE,TRUE
511268794126144,VT,2019,102,60.18046,TRUE,809,11,2019-2023,Not LSOG,3,FALSE,FALSE,FALSE
511268795126144,VT,2019,66,42.126322,FALSE,801,11,2019-2023,Not LSOG,2,FALSE,FALSE,FALSE
511268797126144,VT,2019,51,30.09023,FALSE,801,11,2019-2023,Not LSOG,2,FALSE,FALSE,FALSE
511268798126144,VT,2019,82,66.198506,FALSE,801,11,2019-2023,Transitioning LS,5,FALSE,FALSE,TRUE
511268799126144,VT,2019,58,0,FALSE,124,11,2019-2023,Not LSOG,0,FALSE,FALSE,FALSE
511268800126144,VT,2019,97,60.18046,FALSE,801,11,2019-2023,Transitioning LS,5,FALSE,FALSE,TRUE
511268801126144,VT,2019,72,24.072184,FALSE,801,11,2019-2023,Not LSOG,3,FALSE,FALSE,FALSE
511268802126144,VT,2019,40,12.036092,FALSE,901,11,2019-2023,Not LSOG,2,FALSE,FALSE,FALSE
606237798126144,ME,2020,77,60.18046,FALSE,801,11,2019-2023,Not LSOG,2,FALSE,FALSE,FALSE
606237884126144,ME,2020,71,0,FALSE,123,11,2019-2023,Not LSOG,1,FALSE,FALSE,FALSE
606238119126144,ME,2020,83,30.09023,FALSE,801,11,2019-2023,Not LSOG,2,FALSE,FALSE,FALSE
606238201126144,ME,2020,98,72.216552,FALSE,123,11,2019-2023,Transitioning LS,5,FALSE,FALSE,TRUE
606238202126144,ME,2020,65,36.108276,FALSE,801,11,2019-2023,Not LSOG,2,FALSE,FALSE,FALSE
606238203126144,ME,2020,72,36.108276,FALSE,123,11,2019-2023,Not LSOG,1,FALSE,FALSE,FALSE
610880055126144,NH,2020,97,72.216552,FALSE,801,11,2019-2023,Transitioning LS,4,FALSE,FALSE,TRUE
610880057126144,NH,2020,91,42.126322,FALSE,801,11,2019-2023,Transitioning LS,4,FALSE,FALSE,TRUE
610880058126144,NH,2020,42,0,FALSE,121,11,2019-2023,Not LSOG,3,FALSE,FALSE,FALSE
610880059126144,NH,2020,79,24.072184,FALSE,801,11,2019-2023,Not LSOG,1,FALSE,FALSE,FALSE
610880061126144,NH,2020,115,72.216552,TRUE,801,11,2019-2023,Not LSOG,2,FALSE,FALSE,FALSE
610880062126144,NH,2020,104,84.252644,TRUE,801,11,2019-2023,Transitioning LS,4,FALSE,FALSE,TRUE
610880063126144,NH,2020,105,66.198506,TRUE,505,11,2019-2023,LS,7,FALSE,TRUE,TRUE
610880064126144,NH,2020,117,30.09023,TRUE,124,11,2019-2023,LS,6,FALSE,TRUE,TRUE
610880066126144,NH,2020,93,54.162414,FALSE,809,11,2019-2023,LS,6,FALSE,TRUE,TRUE
610880092126144,NH,2020,83,0,FALSE,124,11,2019-2023,Not LSOG,3,FALSE,FALSE,FALSE
610880093126144,NH,2020,69,24.072184,FALSE,123,11,2019-2023,Not LSOG,1,FALSE,FALSE,FALSE
610880096126144,NH,2020,52,6.018046,FALSE,121,11,2019-2023,Transitioning LS,4,FALSE,FALSE,TRUE
610880099126144,NH,2020,91,36.108276,FALSE,801,11,2019-2023,Not LSOG,3,FALSE,FALSE,FALSE
610880132126144,NH,2020,55,6.018046,FALSE,121,11,2019-2023,Transitioning LS,4,FALSE,FALSE,TRUE
610880145126144,NH,2020,88,18.054138,FALSE,801,11,2019-2023,Not LSOG,2,FALSE,FALSE,FALSE
610880146126144,NH,2020,81,36.108276,FALSE,801,11,2019-2023,Not LSOG,3,FALSE,FALSE,FALSE
610880147126144,NH,2020,120,78.234598,TRUE,124,11,2019-2023,LS,6,FALSE,TRUE,TRUE
610880148126144,NH,2020,73,36.108276,FALSE,801,11,2019-2023,Not LSOG,3,FALSE,FALSE,FALSE
610880149126144,NH,2020,87,24.072184,FALSE,801,11,2019-2023,Transitioning LS,5,FALSE,FALSE,TRUE
610880150126144,NH,2020,90,66.198506,FALSE,801,11,2019-2023,Transitioning LS,5,FALSE,FALSE,TRUE
610880151126144,NH,2020,48,0,FALSE,801,11,2019-2023,Not LSOG,1,FALSE,FALSE,FALSE
610880152126144,NH,2020,87,90.27069,FALSE,801,11,2019-2023,Transitioning LS,4,FALSE,FALSE,TRUE
610880153126144,NH,2020,92,48.144368,FALSE,801,11,2019-2023,Transitioning LS,4,FALSE,FALSE,TRUE
610880154126144,NH,2020,92,36.108276,FALSE,801,11,2019-2023,Transitioning LS,4,FALSE,FALSE,TRUE
610880155126144,NH,2020,50,0,FALSE,121,11,2019-2023,Not LSOG,0,FALSE,FALSE,FALSE
610880156126144,NH,2020,89,48.144368,FALSE,801,11,2019-2023,Transitioning LS,4,FALSE,FALSE,TRUE
610880157126144,NH,2020,86,60.18046,FALSE,801,11,2019-2023,Transitioning LS,4,FALSE,FALSE,TRUE
610880158126144,NH,2020,72,6.018046,FALSE,902,11,2019-2023,Transitioning LS,4,FALSE,FALSE,TRUE
610880159126144,NH,2020,78,6.018046,FALSE,902,11,2019-2023,Transitioning LS,5,FALSE,FALSE,TRUE
610880160126144,NH,2020,97,36.108276,FALSE,902,11,2019-2023,Transitioning LS,4,FALSE,FALSE,TRUE
610880161126144,NH,2020,80,36.108276,FALSE,801,11,2019-2023,Not LSOG,2,FALSE,FALSE,FALSE
610880162126144,NH,2020,77,12.036092,FALSE,121,11,2019-2023,Transitioning LS,4,FALSE,FALSE,TRUE
610880163126144,NH,2020,72,54.162414,FALSE,902,11,2019-2023,Not LSOG,3,FALSE,FALSE,FALSE
610880164126144,NH,2020,87,72.216552,FALSE,801,11,2019-2023,Transitioning LS,5,FALSE,FALSE,TRUE
610880165126144,NH,2020,82,54.162414,FALSE,801,11,2019-2023,Not LSOG,3,FALSE,FALSE,FALSE
610880166126144,NH,2020,89,48.144368,FALSE,801,11,2019-2023,Not LSOG,3,FALSE,FALSE,FALSE
610880167126144,NH,2020,77,30.09023,FALSE,805,11,2019-2023,Not LSOG,0,FALSE,FALSE,FALSE
610880168126144,NH,2020,82,18.054138,FALSE,123,11,2019-2023,Not LSOG,2,FALSE,FALSE,FALSE
610880169126144,NH,2020,160,42.126322,TRUE,123,11,2019-2023,Not LSOG,3,FALSE,FALSE,FALSE
610880170126144,NH,2020,91,36.108276,FALSE,801,11,2019-2023,Transitioning LS,4,FALSE,FALSE,TRUE
610880171126144,NH,2020,62,18.054138,FALSE,801,11,2019-2023,Transitioning LS,4,FALSE,FALSE,TRUE
610880172126144,NH,2020,91,42.126322,FALSE,505,11,2019-2023,Not LSOG,3,FALSE,FALSE,FALSE
610880173126144,NH,2020,90,54.162414,FALSE,801,11,2019-2023,Not LSOG,3,FALSE,FALSE,FALSE
610880174126144,NH,2020,85,48.144368,FALSE,505,11,2019-2023,Transitioning LS,4,FALSE,FALSE,TRUE
610880175126144,NH,2020,102,60.18046,TRUE,124,11,2019-2023,Transitioning LS,5,FALSE,FALSE,TRUE
610880176126144,NH,2020,76,0,FALSE,121,11,2019-2023,Transitioning LS,4,FALSE,FALSE,TRUE
610880177126144,NH,2020,50,0,FALSE,801,11,2019-2023,Not LSOG,1,FALSE,FALSE,FALSE
610880178126144,NH,2020,105,54.162414,TRUE,801,11,2019-2023,Transitioning LS,4,FALSE,FALSE,TRUE
610880179126144,NH,2020,103,30.09023,TRUE,801,11,2019-2023,Transitioning LS,5,FALSE,FALSE,TRUE
610880180126144,NH,2020,80,42.126322,FALSE,902,11,2019-2023,Transitioning LS,4,FALSE,FALSE,TRUE
610880182126144,NH,2020,88,60.18046,FALSE,801,11,2019-2023,Not LSOG,3,FALSE,FALSE,FALSE
610880183126144,NH,2020,91,0,FALSE,121,11,2019-2023,Transitioning LS,5,FALSE,FALSE,TRUE
610880184126144,NH,2020,61,0,FALSE,121,11,2019-2023,Transitioning LS,4,FALSE,FALSE,TRUE
610880185126144,NH,2020,97,120.36092,FALSE,105,11,2019-2023,Transitioning LS,5,FALSE,FALSE,TRUE
618642443126144,VT,2020,77,24.072184,FALSE,801,11,2019-2023,Not LSOG,1,FALSE,FALSE,FALSE
618642444126144,VT,2020,77,42.126322,FALSE,801,11,2019-2023,Not LSOG,3,FALSE,FALSE,FALSE
618642447126144,VT,2020,92,36.108276,FALSE,801,11,2019-2023,LS,6,FALSE,TRUE,TRUE
618642449126144,VT,2020,71,6.018046,FALSE,801,11,2019-2023,Not LSOG,3,FALSE,FALSE,FALSE
618642476126144,VT,2020,86,60.18046,FALSE,801,11,2019-2023,Transitioning LS,4,FALSE,FALSE,TRUE
618642478126144,VT,2020,71,72.216552,FALSE,105,11,2019-2023,Not LSOG,2,FALSE,FALSE,FALSE
618642501126144,VT,2020,80,24.072184,FALSE,801,11,2019-2023,Not LSOG,2,FALSE,FALSE,FALSE
618642503126144,VT,2020,67,12.036092,FALSE,801,11,2019-2023,Not LSOG,2,FALSE,FALSE,FALSE
618642537126144,VT,2020,79,60.18046,FALSE,809,11,2019-2023,Not LSOG,2,FALSE,FALSE,FALSE
618642538126144,VT,2020,104,60.18046,TRUE,801,11,2019-2023,Not LSOG,3,FALSE,FALSE,FALSE
618642539126144,VT,2020,81,72.216552,FALSE,801,11,2019-2023,Transitioning LS,4,FALSE,FALSE,TRUE
618642540126144,VT,2020,68,18.054138,FALSE,801,11,2019-2023,Not LSOG,3,FALSE,FALSE,FALSE
618642541126144,VT,2020,137,60.18046,TRUE,801,11,2019-2023,LS,6,FALSE,TRUE,TRUE
618642542126144,VT,2020,82,30.09023,FALSE,801,11,2019-2023,Transitioning LS,4,FALSE,FALSE,TRUE
618642543126144,VT,2020,91,24.072184,FALSE,801,11,2019-2023,Not LSOG,3,FALSE,FALSE,FALSE
618642544126144,VT,2020,61,6.018046,FALSE,801,11,2019-2023,Not LSOG,2,FALSE,FALSE,FALSE
618642545126144,VT,2020,116,60.18046,TRUE,801,11,2019-2023,Not LSOG,3,FALSE,FALSE,FALSE
618642546126144,VT,2020,94,36.108276,FALSE,801,11,2019-2023,Not LSOG,3,FALSE,FALSE,FALSE
618642547126144,VT,2020,56,6.018046,FALSE,121,11,2019-2023,Not LSOG,3,FALSE,FALSE,FALSE
618642548126144,VT,2020,63,48.144368,FALSE,801,11,2019-2023,Not LSOG,3,FALSE,FALSE,FALSE
618642549126144,VT,2020,27,6.018046,FALSE,801,11,2019-2023,Not LSOG,1,FALSE,FALSE,FALSE
618642550126144,VT,2020,96,42.126322,FALSE,123,11,2019-2023,Transitioning LS,5,FALSE,FALSE,TRUE
618642551126144,VT,2020,87,30.09023,FALSE,123,11,2019-2023,Not LSOG,2,FALSE,FALSE,FALSE
618642552126144,VT,2020,63,60.18046,FALSE,801,11,2019-2023,Not LSOG,3,FALSE,FALSE,FALSE
618642553126144,VT,2020,69,12.036092,FALSE,121,11,2019-2023,Transitioning LS,4,FALSE,FALSE,TRUE
618642554126144,VT,2020,100,54.162414,TRUE,801,11,2019-2023,LS,6,FALSE,TRUE,TRUE
721819895290487,ME,2021,70,30.09023,FALSE,801,11,2019-2023,Not LSOG,2,FALSE,FALSE,FALSE
721820333290487,ME,2021,86,36.108276,FALSE,801,11,2019-2023,Not LSOG,2,FALSE,FALSE,FALSE
721820334290487,ME,2021,93,48.144368,FALSE,105,11,2019-2023,Transitioning LS,4,FALSE,FALSE,TRUE
721820335290487,ME,2021,64,18.054138,FALSE,801,11,2019-2023,Not LSOG,2,FALSE,FALSE,FALSE
721848569290487,NH,2021,84,6.018046,FALSE,121,11,2019-2023,Transitioning LS,5,FALSE,FALSE,TRUE
721848570290487,NH,2021,80,12.036092,FALSE,801,11,2019-2023,LS,6,FALSE,TRUE,TRUE
721848575290487,NH,2021,123,36.108276,TRUE,801,11,2019-2023,Not LSOG,2,FALSE,FALSE,FALSE
721848593290487,NH,2021,119,90.27069,TRUE,801,11,2019-2023,Transitioning LS,5,FALSE,FALSE,TRUE
721848597290487,NH,2021,118,48.144368,TRUE,801,11,2019-2023,Not LSOG,3,FALSE,FALSE,FALSE
721848599290487,NH,2021,80,66.198506,FALSE,801,11,2019-2023,Not LSOG,3,FALSE,FALSE,FALSE
721848600290487,NH,2021,103,102.306782,TRUE,105,11,2019-2023,Transitioning LS,5,FALSE,FALSE,TRUE
721848601290487,NH,2021,88,78.234598,FALSE,801,11,2019-2023,Transitioning LS,5,FALSE,FALSE,TRUE
721848644290487,NH,2021,63,24.072184,FALSE,801,11,2019-2023,Transitioning LS,4,FALSE,FALSE,TRUE
721848646290487,NH,2021,76,12.036092,FALSE,902,11,2019-2023,Transitioning LS,4,FALSE,FALSE,TRUE
721848652290487,NH,2021,101,48.144368,TRUE,801,11,2019-2023,Transitioning LS,4,FALSE,FALSE,TRUE
721848653290487,NH,2021,95,18.054138,FALSE,902,11,2019-2023,Transitioning LS,5,FALSE,FALSE,TRUE
721848654290487,NH,2021,84,12.036092,FALSE,124,11,2019-2023,Transitioning LS,5,FALSE,FALSE,TRUE
721848655290487,NH,2021,79,36.108276,FALSE,124,11,2019-2023,Transitioning LS,4,FALSE,FALSE,TRUE
721848656290487,NH,2021,93,48.144368,FALSE,801,11,2019-2023,Not LSOG,3,FALSE,FALSE,FALSE
721848669290487,NH,2021,62,18.054138,FALSE,801,11,2019-2023,Not LSOG,1,FALSE,FALSE,FALSE
721848673290487,NH,2021,25,6.018046,FALSE,123,11,2019-2023,Not LSOG,1,FALSE,FALSE,FALSE
721848675290487,NH,2021,104,6.018046,TRUE,123,11,2019-2023,Transitioning LS,5,FALSE,FALSE,TRUE
721848676290487,NH,2021,89,6.018046,FALSE,124,11,2019-2023,LS,6,FALSE,TRUE,TRUE
721848700290487,NH,2021,80,36.108276,FALSE,801,11,2019-2023,Not LSOG,3,FALSE,FALSE,FALSE
721848701290487,NH,2021,85,42.126322,FALSE,801,11,2019-2023,Not LSOG,2,FALSE,FALSE,FALSE
721848702290487,NH,2021,77,42.126322,FALSE,902,11,2019-2023,Transitioning LS,4,FALSE,FALSE,TRUE
721848703290487,NH,2021,75,24.072184,FALSE,123,11,2019-2023,Not LSOG,3,FALSE,FALSE,FALSE
721848704290487,NH,2021,71,0,FALSE,121,11,2019-2023,Transitioning LS,4,FALSE,FALSE,TRUE
721848705290487,NH,2021,71,24.072184,FALSE,124,11,2019-2023,Transitioning LS,4,FALSE,FALSE,TRUE
721848706290487,NH,2021,72,12.036092,FALSE,801,11,2019-2023,Not LSOG,1,FALSE,FALSE,FALSE
721848707290487,NH,2021,99,42.126322,FALSE,801,11,2019-2023,Transitioning LS,4,FALSE,FALSE,TRUE
721848708290487,NH,2021,92,42.126322,FALSE,801,11,2019-2023,Transitioning LS,4,FALSE,FALSE,TRUE
721848709290487,NH,2021,57,12.036092,FALSE,123,11,2019-2023,Transitioning LS,4,FALSE,FALSE,TRUE
721848711290487,NH,2021,29,0,FALSE,801,11,2019-2023,Not LSOG,0,FALSE,FALSE,FALSE
721848712290487,NH,2021,81,18.054138,FALSE,124,11,2019-2023,LS,6,FALSE,TRUE,TRUE
721848713290487,NH,2021,92,18.054138,FALSE,123,11,2019-2023,Transitioning LS,4,FALSE,FALSE,TRUE
721848714290487,NH,2021,78,12.036092,FALSE,121,11,2019-2023,Not LSOG,3,FALSE,FALSE,FALSE
721848717290487,NH,2021,67,18.054138,FALSE,801,11,2019-2023,Not LSOG,3,FALSE,FALSE,FALSE
721848718290487,NH,2021,75,36.108276,FALSE,801,11,2019-2023,Not LSOG,1,FALSE,FALSE,FALSE
721848720290487,NH,2021,108,30.09023,TRUE,123,11,2019-2023,Transitioning LS,4,FALSE,FALSE,TRUE
721848721290487,NH,2021,61,12.036092,FALSE,123,11,2019-2023,Not LSOG,3,FALSE,FALSE,FALSE
721848722290487,NH,2021,73,96.288736,FALSE,801,11,2019-2023,Transitioning LS,4,FALSE,FALSE,TRUE
721848723290487,NH,2021,97,54.162414,FALSE,123,11,2019-2023,Not LSOG,2,FALSE,FALSE,FALSE
721848724290487,NH,2021,52,24.072184,FALSE,801,11,2019-2023,Not LSOG,3,FALSE,FALSE,FALSE
721848725290487,NH,2021,82,78.234598,FALSE,805,11,2019-2023,Transitioning LS,5,FALSE,FALSE,TRUE
721848726290487,NH,2021,82,54.162414,FALSE,505,11,2019-2023,Transitioning LS,4,FALSE,FALSE,TRUE
721848727290487,NH,2021,57,18.054138,FALSE,801,11,2019-2023,Not LSOG,3,FALSE,FALSE,FALSE
721848728290487,NH,2021,74,0,FALSE,121,11,2019-2023,Transitioning LS,4,FALSE,FALSE,TRUE
721848729290487,NH,2021,67,0,FALSE,121,11,2019-2023,Transitioning LS,4,FALSE,FALSE,TRUE
721848730290487,NH,2021,66,12.036092,FALSE,902,11,2019-2023,Not LSOG,2,FALSE,FALSE,FALSE
721848731290487,NH,2021,92,36.108276,FALSE,801,11,2019-2023,Not LSOG,1,FALSE,FALSE,FALSE
721848732290487,NH,2021,53,18.054138,FALSE,801,11,2019-2023,Not LSOG,3,FALSE,FALSE,FALSE
721848733290487,NH,2021,75,0,FALSE,123,11,2019-2023,Not LSOG,2,FALSE,FALSE,FALSE
721848734290487,NH,2021,97,72.216552,FALSE,809,11,2019-2023,Transitioning LS,4,FALSE,FALSE,TRUE
721848735290487,NH,2021,67,48.144368,FALSE,801,11,2019-2023,Not LSOG,3,FALSE,FALSE,FALSE
722577756290487,VT,2021,102,72.216552,TRUE,801,11,2019-2023,LS,6,FALSE,TRUE,TRUE
722577772290487,VT,2021,63,6.018046,FALSE,902,11,2019-2023,Transitioning LS,4,FALSE,FALSE,TRUE
722577773290487,VT,2021,85,0,FALSE,809,11,2019-2023,Not LSOG,2,FALSE,FALSE,FALSE
722577778290487,VT,2021,93,48.144368,FALSE,809,11,2019-2023,Transitioning LS,4,FALSE,FALSE,TRUE
722577780290487,VT,2021,74,48.144368,FALSE,801,11,2019-2023,Not LSOG,2,FALSE,FALSE,FALSE
722577844290487,VT,2021,62,6.018046,FALSE,902,11,2019-2023,Not LSOG,1,FALSE,FALSE,FALSE
722577845290487,VT,2021,91,42.126322,FALSE,801,11,2019-2023,Not LSOG,3,FALSE,FALSE,FALSE
722577867290487,VT,2021,97,30.09023,FALSE,801,11,2019-2023,Transitioning LS,4,FALSE,FALSE,TRUE
722577869290487,VT,2021,94,48.144368,FALSE,801,11,2019-2023,Not LSOG,2,FALSE,FALSE,FALSE
722577891290487,VT,2021,80,60.18046,FALSE,801,11,2019-2023,Transitioning LS,4,FALSE,FALSE,TRUE
722577892290487,VT,2021,81,54.162414,FALSE,801,11,2019-2023,Not LSOG,3,FALSE,FALSE,FALSE
722577893290487,VT,2021,94,24.072184,FALSE,801,11,2019-2023,Transitioning LS,4,FALSE,FALSE,TRUE
722577894290487,VT,2021,103,42.126322,TRUE,801,11,2019-2023,LS,6,FALSE,TRUE,TRUE
722577895290487,VT,2021,85,42.126322,FALSE,801,11,2019-2023,Not LSOG,3,FALSE,FALSE,FALSE
722577896290487,VT,2021,106,54.162414,TRUE,801,11,2019-2023,Transitioning LS,4,FALSE,FALSE,TRUE
722577897290487,VT,2021,82,72.216552,FALSE,801,11,2019-2023,Transitioning LS,5,FALSE,FALSE,TRUE
722577898290487,VT,2021,100,54.162414,TRUE,801,11,2019-2023,Transitioning LS,4,FALSE,FALSE,TRUE
722577899290487,VT,2021,87,42.126322,FALSE,801,11,2019-2023,Transitioning LS,4,FALSE,FALSE,TRUE
722577900290487,VT,2021,100,42.126322,TRUE,801,11,2019-2023,Not LSOG,3,FALSE,FALSE,FALSE
722577901290487,VT,2021,83,24.072184,FALSE,801,11,2019-2023,Transitioning LS,4,FALSE,FALSE,TRUE
722577902290487,VT,2021,87,66.198506,FALSE,902,11,2019-2023,Not LSOG,3,FALSE,FALSE,FALSE
722577903290487,VT,2021,66,0,FALSE,121,11,2019-2023,Transitioning LS,5,FALSE,FALSE,TRUE
722577904290487,VT,2021,96,54.162414,FALSE,801,11,2019-2023,Transitioning LS,4,FALSE,FALSE,TRUE
722577905290487,VT,2021,106,36.108276,TRUE,801,11,2019-2023,Not LSOG,2,FALSE,FALSE,FALSE
722577906290487,VT,2021,71,54.162414,FALSE,801,11,2019-2023,Not LSOG,2,FALSE,FALSE,FALSE
722577907290487,VT,2021,70,0,FALSE,123,11,2019-2023,Not LSOG,3,FALSE,FALSE,FALSE
722577908290487,VT,2021,76,66.198506,FALSE,805,11,2019-2023,Not LSOG,3,FALSE,FALSE,FALSE
722577909290487,VT,2021,51,60.18046,FALSE,801,11,2019-2023,Transitioning LS,5,FALSE,FALSE,TRUE
722577910290487,VT,2021,58,0,FALSE,124,11,2019-2023,Transitioning LS,5,FALSE,FALSE,TRUE
722577911290487,VT,2021,88,42.126322,FALSE,801,11,2019-2023,Transitioning LS,4,FALSE,FALSE,TRUE
722577912290487,VT,2021,63,18.054138,FALSE,801,11,2019-2023,Not LSOG,1,FALSE,FALSE,FALSE
722577913290487,VT,2021,87,42.126322,FALSE,809,11,2019-2023,Transitioning LS,4,FALSE,FALSE,TRUE
724937232290487,NY,2021,65,6.018046,FALSE,512,11,2019-2023,Not LSOG,0,FALSE,FALSE,FALSE
724937633290487,NY,2021,76,54.162414,FALSE,805,11,2019-2023,Not LSOG,3,FALSE,FALSE,FALSE
815193706290487,ME,2022,102,72.216552,TRUE,801,11,2019-2023,Transitioning LS,4,FALSE,FALSE,TRUE
815194408290487,ME,2022,89,42.126322,FALSE,801,11,2019-2023,Not LSOG,2,FALSE,FALSE,FALSE
815194409290487,ME,2022,90,30.09023,FALSE,123,11,2019-2023,Transitioning LS,5,FALSE,FALSE,TRUE
815194410290487,ME,2022,60,18.054138,FALSE,801,11,2019-2023,Not LSOG,2,FALSE,FALSE,FALSE
815194411290487,ME,2022,118,90.27069,TRUE,105,11,2019-2023,LS,7,FALSE,TRUE,TRUE
816200141290487,NY,2022,57,42.126322,FALSE,503,11,2019-2023,Not LSOG,2,FALSE,FALSE,FALSE
816545898290487,VT,2022,86,12.036092,FALSE,801,11,2019-2023,Not LSOG,2,FALSE,FALSE,FALSE
816545922290487,VT,2022,110,60.18046,TRUE,801,11,2019-2023,Transitioning LS,4,FALSE,FALSE,TRUE
816545923290487,VT,2022,85,24.072184,FALSE,801,11,2019-2023,Transitioning LS,4,FALSE,FALSE,TRUE
816545930290487,VT,2022,99,54.162414,FALSE,805,11,2019-2023,Transitioning LS,4,FALSE,FALSE,TRUE
816545931290487,VT,2022,101,30.09023,TRUE,123,11,2019-2023,LS,6,FALSE,TRUE,TRUE
816545933290487,VT,2022,84,60.18046,FALSE,801,11,2019-2023,Not LSOG,3,FALSE,FALSE,FALSE
816545936290487,VT,2022,54,12.036092,FALSE,801,11,2019-2023,Not LSOG,3,FALSE,FALSE,FALSE
816545940290487,VT,2022,101,84.252644,TRUE,801,11,2019-2023,Transitioning LS,5,FALSE,FALSE,TRUE
816545991290487,VT,2022,93,54.162414,FALSE,801,11,2019-2023,Not LSOG,3,FALSE,FALSE,FALSE
816545993290487,VT,2022,79,54.162414,FALSE,801,11,2019-2023,Not LSOG,3,FALSE,FALSE,FALSE
816546020290487,VT,2022,66,24.072184,FALSE,801,11,2019-2023,Transitioning LS,5,FALSE,FALSE,TRUE
816546041290487,VT,2022,141,54.162414,TRUE,801,11,2019-2023,LS,6,FALSE,TRUE,TRUE
816546045290487,VT,2022,72,24.072184,FALSE,801,11,2019-2023,Not LSOG,0,FALSE,FALSE,FALSE
816546046290487,VT,2022,68,0,FALSE,121,11,2019-2023,Transitioning LS,4,FALSE,FALSE,TRUE
816546047290487,VT,2022,93,60.18046,FALSE,809,11,2019-2023,Not LSOG,3,FALSE,FALSE,FALSE
816546048290487,VT,2022,90,90.27069,FALSE,801,11,2019-2023,LS,7,FALSE,TRUE,TRUE
816546049290487,VT,2022,98,6.018046,FALSE,801,11,2019-2023,Transitioning LS,4,FALSE,FALSE,TRUE
816546050290487,VT,2022,87,60.18046,FALSE,801,11,2019-2023,Transitioning LS,5,FALSE,FALSE,TRUE
816546051290487,VT,2022,130,78.234598,TRUE,801,11,2019-2023,Transitioning LS,4,FALSE,FALSE,TRUE
816546052290487,VT,2022,111,90.27069,TRUE,105,11,2019-2023,LS,6,FALSE,TRUE,TRUE
816546053290487,VT,2022,121,60.18046,TRUE,121,11,2019-2023,Transitioning LS,5,FALSE,FALSE,TRUE
816546054290487,VT,2022,70,66.198506,FALSE,809,11,2019-2023,Transitioning LS,4,FALSE,FALSE,TRUE
816546055290487,VT,2022,13,0,FALSE,902,11,2019-2023,Not LSOG,1,FALSE,FALSE,FALSE
816546056290487,VT,2022,94,42.126322,FALSE,902,11,2019-2023,Not LSOG,3,FALSE,FALSE,FALSE
816546057290487,VT,2022,101,36.108276,TRUE,801,11,2019-2023,Not LSOG,2,FALSE,FALSE,FALSE
816546058290487,VT,2022,67,24.072184,FALSE,801,11,2019-2023,Not LSOG,3,FALSE,FALSE,FALSE
816546059290487,VT,2022,75,30.09023,FALSE,801,11,2019-2023,Not LSOG,2,FALSE,FALSE,FALSE
816546060290487,VT,2022,67,12.036092,FALSE,121,11,2019-2023,Not LSOG,3,FALSE,FALSE,FALSE
816546061290487,VT,2022,86,54.162414,FALSE,801,11,2019-2023,LS,6,FALSE,TRUE,TRUE
816546062290487,VT,2022,90,54.162414,FALSE,801,11,2019-2023,Transitioning LS,5,FALSE,FALSE,TRUE
816546063290487,VT,2022,76,36.108276,FALSE,801,11,2019-2023,Not LSOG,2,FALSE,FALSE,FALSE
816546064290487,VT,2022,107,78.234598,TRUE,123,11,2019-2023,LS,6,FALSE,TRUE,TRUE
816546065290487,VT,2022,75,54.162414,FALSE,809,11,2019-2023,Not LSOG,3,FALSE,FALSE,FALSE
816546066290487,VT,2022,92,36.108276,FALSE,801,11,2019-2023,Transitioning LS,4,FALSE,FALSE,TRUE
816546067290487,VT,2022,89,60.18046,FALSE,801,11,2019-2023,Transitioning LS,5,FALSE,FALSE,TRUE
816546068290487,VT,2022,96,84.252644,FALSE,801,11,2019-2023,LS,6,FALSE,TRUE,TRUE
816546069290487,VT,2022,65,6.018046,FALSE,801,11,2019-2023,Not LSOG,3,FALSE,FALSE,FALSE
816546070290487,VT,2022,71,42.126322,FALSE,801,11,2019-2023,Not LSOG,3,FALSE,FALSE,FALSE
816546071290487,VT,2022,42,30.09023,FALSE,801,11,2019-2023,Not LSOG,1,FALSE,FALSE,FALSE
817387216290487,NH,2019,33,18.054138,FALSE,805,11,2019-2023,Not LSOG,1,FALSE,FALSE,FALSE
817387228290487,NH,2019,31,0,FALSE,902,11,2019-2023,Not LSOG,1,FALSE,FALSE,FALSE
817387229290487,NH,2019,67,42.126322,FALSE,801,11,2019-2023,Not LSOG,3,FALSE,FALSE,FALSE
817387233290487,NH,2019,35,0,FALSE,905,11,2019-2023,Not LSOG,2,FALSE,FALSE,FALSE
817387239290487,NH,2019,76,12.036092,FALSE,801,11,2019-2023,Not LSOG,3,FALSE,FALSE,FALSE
817387240290487,NH,2019,82,54.162414,FALSE,801,11,2019-2023,Transitioning LS,4,FALSE,FALSE,TRUE
817387241290487,NH,2019,72,48.144368,FALSE,801,11,2019-2023,Not LSOG,3,FALSE,FALSE,FALSE
817387242290487,NH,2019,94,0,FALSE,902,11,2019-2023,LS,6,FALSE,TRUE,TRUE
817387243290487,NH,2019,65,6.018046,FALSE,124,11,2019-2023,Not LSOG,3,FALSE,FALSE,FALSE
817387244290487,NH,2019,88,72.216552,FALSE,801,11,2019-2023,LS,7,FALSE,TRUE,TRUE
817387245290487,NH,2019,71,48.144368,FALSE,801,11,2019-2023,Not LSOG,2,FALSE,FALSE,FALSE
817387246290487,NH,2019,65,18.054138,FALSE,121,11,2019-2023,Not LSOG,0,FALSE,FALSE,FALSE
817387247290487,NH,2019,75,0,FALSE,124,11,2019-2023,Transitioning LS,5,FALSE,FALSE,TRUE
817387248290487,NH,2019,78,42.126322,FALSE,801,11,2019-2023,Not LSOG,2,FALSE,FALSE,FALSE
826151099290487,NH,2022,65,18.054138,FALSE,801,11,2019-2023,Not LSOG,2,FALSE,FALSE,FALSE
826151100290487,NH,2022,112,60.18046,TRUE,801,11,2019-2023,Transitioning LS,4,FALSE,FALSE,TRUE
826151107290487,NH,2022,79,48.144368,FALSE,809,11,2019-2023,Transitioning LS,4,FALSE,FALSE,TRUE
826151109290487,NH,2022,88,60.18046,FALSE,801,11,2019-2023,Transitioning LS,4,FALSE,FALSE,TRUE
826151139290487,NH,2022,118,36.108276,TRUE,801,11,2019-2023,Not LSOG,3,FALSE,FALSE,FALSE
826151146290487,NH,2022,102,66.198506,TRUE,809,11,2019-2023,Transitioning LS,4,FALSE,FALSE,TRUE
826151153290487,NH,2022,80,78.234598,FALSE,801,11,2019-2023,Transitioning LS,4,FALSE,FALSE,TRUE
826151154290487,NH,2022,118,6.018046,TRUE,121,11,2019-2023,Transitioning LS,5,FALSE,FALSE,TRUE
826151155290487,NH,2022,118,36.108276,TRUE,801,11,2019-2023,Not LSOG,3,FALSE,FALSE,FALSE
826151157290487,NH,2022,85,48.144368,FALSE,801,11,2019-2023,Not LSOG,3,FALSE,FALSE,FALSE
826151165290487,NH,2022,67,54.162414,FALSE,124,11,2019-2023,Transitioning LS,5,FALSE,FALSE,TRUE
826151166290487,NH,2022,92,18.054138,FALSE,121,11,2019-2023,Transitioning LS,5,FALSE,FALSE,TRUE
826151188290487,NH,2022,100,30.09023,TRUE,124,11,2019-2023,Transitioning LS,4,FALSE,FALSE,TRUE
826151193290487,NH,2022,57,18.054138,FALSE,801,11,2019-2023,Not LSOG,1,FALSE,FALSE,FALSE
826151194290487,NH,2022,74,72.216552,FALSE,801,11,2019-2023,Transitioning LS,5,FALSE,FALSE,TRUE
826151195290487,NH,2022,113,72.216552,TRUE,123,11,2019-2023,Transitioning LS,5,FALSE,FALSE,TRUE
826151196290487,NH,2022,92,0,FALSE,902,11,2019-2023,Transitioning LS,5,FALSE,FALSE,TRUE
826151197290487,NH,2022,84,114.342874,FALSE,801,11,2019-2023,Not LSOG,3,FALSE,FALSE,FALSE
826151198290487,NH,2022,87,30.09023,FALSE,801,11,2019-2023,Transitioning LS,5,FALSE,FALSE,TRUE
826151199290487,NH,2022,97,30.09023,FALSE,123,11,2019-2023,Transitioning LS,5,FALSE,FALSE,TRUE
826151200290487,NH,2022,62,42.126322,FALSE,801,11,2019-2023,Not LSOG,2,FALSE,FALSE,FALSE
826151201290487,NH,2022,76,42.126322,FALSE,801,11,2019-2023,Not LSOG,0,FALSE,FALSE,FALSE
826151202290487,NH,2022,77,60.18046,FALSE,801,11,2019-2023,Transitioning LS,5,FALSE,FALSE,TRUE
826151203290487,NH,2022,82,0,FALSE,123,11,2019-2023,Not LSOG,2,FALSE,FALSE,FALSE
826151204290487,NH,2022,67,12.036092,FALSE,801,11,2019-2023,Not LSOG,2,FALSE,FALSE,FALSE
826151205290487,NH,2022,77,60.18046,FALSE,902,11,2019-2023,Transitioning LS,4,FALSE,FALSE,TRUE
826151206290487,NH,2022,78,78.234598,FALSE,801,11,2019-2023,Not LSOG,3,FALSE,FALSE,FALSE
826151207290487,NH,2022,89,66.198506,FALSE,902,11,2019-2023,Transitioning LS,5,FALSE,FALSE,TRUE
826151208290487,NH,2022,82,60.18046,FALSE,124,11,2019-2023,Transitioning LS,5,FALSE,FALSE,TRUE
826151209290487,NH,2022,74,42.126322,FALSE,801,11,2019-2023,Not LSOG,3,FALSE,FALSE,FALSE
826151210290487,NH,2022,72,6.018046,FALSE,121,11,2019-2023,Not LSOG,3,FALSE,FALSE,FALSE
826151211290487,NH,2022,96,42.126322,FALSE,505,11,2019-2023,Not LSOG,3,FALSE,FALSE,FALSE
826151212290487,NH,2022,71,12.036092,FALSE,121,11,2019-2023,Transitioning LS,5,FALSE,FALSE,TRUE
826151214290487,NH,2022,87,72.216552,FALSE,801,11,2019-2023,Transitioning LS,4,FALSE,FALSE,TRUE
826151215290487,NH,2022,89,96.288736,FALSE,801,11,2019-2023,Transitioning LS,4,FALSE,FALSE,TRUE
826151216290487,NH,2022,87,36.108276,FALSE,801,11,2019-2023,Not LSOG,2,FALSE,FALSE,FALSE
826151217290487,NH,2022,77,60.18046,FALSE,801,11,2019-2023,Not LSOG,3,FALSE,FALSE,FALSE
826151219290487,NH,2022,60,0,FALSE,121,11,2019-2023,Transitioning LS,4,FALSE,FALSE,TRUE
826151220290487,NH,2022,105,48.144368,TRUE,105,11,2019-2023,Not LSOG,3,FALSE,FALSE,FALSE
826151221290487,NH,2022,87,0,FALSE,123,11,2019-2023,Transitioning LS,5,FALSE,FALSE,TRUE
826151222290487,NH,2022,40,0,FALSE,124,11,2019-2023,Transitioning LS,4,FALSE,FALSE,TRUE
826151223290487,NH,2022,69,6.018046,FALSE,123,11,2019-2023,Not LSOG,3,FALSE,FALSE,FALSE
826151224290487,NH,2022,92,18.054138,FALSE,123,11,2019-2023,Transitioning LS,5,FALSE,FALSE,TRUE
