res,p_lsog
Bigelow,0.337
Bigelow,0.523
Bigelow,1
Salmon Brook Lake,0.462
Salmon Brook Lake,0.392
Salmon Brook Lake,0.462
Salmon Brook Lake,0.523
Salmon Brook Lake,0.462
Salmon Brook Lake,0.642
Salmon Brook Lake,0.472
Salmon Brook Lake,1
Salmon Brook Lake,0.462
Salmon Brook Lake,0.472
Salmon Brook Lake,0.472
Salmon Brook Lake,0.392
Salmon Brook Lake,0.392
Salmon Brook Lake,0.337
Spring River Lake,0.42
Spring River Lake,0.42
Spring River Lake,0.462
Spring River Lake,0.472
Spring River Lake,0.212
Spring River Lake,0.462
Spring River Lake,0.293
Spring River Lake,1
Spring River Lake,0.293
Spring River Lake,0.337
Spring River Lake,0.337
Spring River Lake,0.25
Spring River Lake,0.42
Spring River Lake,1
Spring River Lake,0.25
Spring River Lake,0.523
Spring River Lake,0.215
Spring River Lake,0.472
Spring River Lake,0.523
Spring River Lake,0.392
Spring River Lake,0.472
Spring River Lake,1
Spring River Lake,0.642
Spring River Lake,1
Spring River Lake,0.312
Spring River Lake,0.312
Spring River Lake,0.25
Spring River Lake,1
Spring River Lake,1
Spring River Lake,0.472
Bigelow,0.392
Bigelow,0.523
Bigelow,0.42
Bigelow,0.462
Bigelow,0.42
Bigelow,0.365
Bigelow,0.462
Bigelow,1
Bigelow,0.42
Bigelow,0.958
Bigelow,1
Bigelow,0.642
Bigelow,1
Bigelow,0.523
Bigelow,1
Bigelow,0.472
Bigelow,1
Bigelow,0.25
Bigelow,1
Bigelow,0.462
Bigelow,1
Bigelow,0.25
Bigelow,0.642
Bigelow,0.42
Bigelow,0.392
Bigelow,0.472
Bigelow,0.462
Bigelow,0.337
Bigelow,0.42
Bigelow,0.337
Bigelow,0.392
Bigelow,0.213
Bigelow,1
Bigelow,0.472
Bigelow,0.523
Bigelow,0.472
Bigelow,0.472
Bigelow,0.462
Bigelow,0.462
Bigelow,0.42
Bigelow,0.642
Bigelow,0.523
Bigelow,0.462
Bigelow,0.462
Bigelow,0.958
Donnell Pond,0.392
Donnell Pond,0.392
Donnell Pond,0.462
Donnell Pond,0.523
Donnell Pond,1
Donnell Pond,0.392
Donnell Pond,0.337
Donnell Pond,0.392
Donnell Pond,0.472
Donnell Pond,0.472
Donnell Pond,0.25
Donnell Pond,0.337
Donnell Pond,1
Donnell Pond,1
Donnell Pond,0.365
Donnell Pond,0.392
Donnell Pond,0.365
Donnell Pond,0.472
Duck Lake,0.462
Duck Lake,0.365
Duck Lake,0.365
Duck Lake,0.275
Duck Lake,0.523
Duck Lake,0.42
Duck Lake,0.642
Duck Lake,0.392
Duck Lake,1
Duck Lake,1
Deboullie,0.392
Deboullie,0.392
Deboullie,1
Deboullie,1
Deboullie,1
Deboullie,1
Deboullie,1
Deboullie,1
Deboullie,1
Deboullie,1
Deboullie,0.42
Deboullie,0.365
Deboullie,0.462
Deboullie,0.523
Duck Lake,0.365
Duck Lake,0.523
Duck Lake,0.42
Duck Lake,0.365
Duck Lake,0.42
Duck Lake,0.42
Duck Lake,0.392
Duck Lake,0.365
Duck Lake,0.462
Duck Lake,0.392
Duck Lake,0.642
Duck Lake,0.642
Duck Lake,1
Duck Lake,1
Duck Lake,1
Duck Lake,1
Rocky Lake,0.958
Rocky Lake,1
Rocky Lake,0.392
Rocky Lake,0.42
Deboullie,0.462
Deboullie,0.472
Deboullie,0.472
Deboullie,0.365
Deboullie,0.392
Deboullie,0.392
Deboullie,0.642
Deboullie,1
Deboullie,0.472
Rocky Lake,0.392
Rocky Lake,1
Rocky Lake,0.212
Rocky Lake,0.42
Deboullie,0.462
Deboullie,0.365
Deboullie,0.213
Deboullie,1
Deboullie,1
Deboullie,1
Deboullie,1
Deboullie,0.642
Deboullie,0.462
Deboullie,0.392
Rocky Lake,0.523
Rocky Lake,0.365
Gero Island,1
Gero Island,0.642
Gero Island,1
Gero Island,1
Gero Island,0.462
Gero Island,0.392
Gero Island,0.642
Gero Island,0.472
Gero Island,0.472
Gero Island,0.392
Gero Island,0.392
Gero Island,0.472
Gero Island,0.642
Gero Island,1
Gero Island,0.472
Gero Island,0.462
Gero Island,0.462
Gero Island,0.392
Gero Island,0.472
Gero Island,0.462
Gero Island,0.462
Gero Island,0.472
Gero Island,0.365
Mt. Abraham,0.462
Mt. Abraham,0.392
Mt. Abraham,0.365
Mt. Abraham,0.365
Mt. Abraham,0.21
Mt. Abraham,0.472
Mt. Abraham,0.392
Mt. Abraham,0.392
Mt. Abraham,0.958
Mt. Abraham,1
Mt. Abraham,0.337
Mt. Abraham,0.392
Mt. Abraham,0.328
Mt. Abraham,1
Mt. Abraham,1
Mt. Abraham,0.462
Mt. Abraham,0.42
Mt. Abraham,0.21
Mt. Abraham,0.462
Mt. Abraham,0.523
Mt. Abraham,0.523
Mt. Abraham,0.42
Mt. Abraham,0.472
Mt. Abraham,0.392
Mt. Abraham,0.392
Mt. Abraham,1
Mt. Abraham,0.392
Mt. Abraham,1
Mt. Abraham,0.337
Mt. Abraham,0.42
Mt. Abraham,0.42
Mt. Abraham,0.42
Cutler,0.392
Cutler,0.42
Cutler,0.523
Cutler,0.462
Cutler,0.25
Appleton Bog,1
Appleton Bog,0.392
Appleton Bog,1
Appleton Bog,0.392
Appleton Bog,0.462
Appleton Bog,0.462
Appleton Bog,1
Appleton Bog,0.642
Appleton Bog,0.948
Appleton Bog,0.462
Appleton Bog,1
Appleton Bog,0.392
Appleton Bog,1
Appleton Bog,0.2
Appleton Bog,1
Appleton Bog,0.365
Debsconeags,0.462
Debsconeags,0.462
Debsconeags,0.365
Debsconeags,0.462
Debsconeags,0.392
Debsconeags,0.418
Debsconeags,0.132
Debsconeags,0.462
Debsconeags,0.462
Debsconeags,1
Debsconeags,0.365
Debsconeags,0.462
Debsconeags,0.392
Debsconeags,0.3
Debsconeags,0.172
Debsconeags,0.392
Debsconeags,0.365
Debsconeags,0.462
Debsconeags,1
Debsconeags,0.462
Debsconeags,0.3
Debsconeags,0.177
Debsconeags,0.462
Debsconeags,0.462
Debsconeags,0.392
Debsconeags,0.462
Debsconeags,0.365
Debsconeags,0.365
Debsconeags,0.392
Debsconeags,0.392
Debsconeags,0.383
Debsconeags,0.392
Debsconeags,0.383
Debsconeags,1
Debsconeags,0.293
Debsconeags,0.617
Debsconeags,1
Debsconeags,0.087
Debsconeags,0.365
Debsconeags,0.313
Debsconeags,0.308
Debsconeags,0.093
Debsconeags,0.597
Debsconeags,0.462
Debsconeags,0.365
Debsconeags,0.365
Debsconeags,0.207
Debsconeags,0.207
Debsconeags,1
Debsconeags,0.948
Debsconeags,1
Debsconeags,0.642
Debsconeags,0.462
Debsconeags,0.293
Debsconeags,0.472
Debsconeags,0.462
Debsconeags,0.365
Debsconeags,0.642
Debsconeags,0.642
Debsconeags,1
Debsconeags,0.42
Debsconeags,0.42
Debsconeags,0.213
Debsconeags,0.472
Debsconeags,0.523
Debsconeags,0.392
Debsconeags,1
Debsconeags,0.365
Debsconeags,0.392
Debsconeags,0.392
Debsconeags,1
Debsconeags,1
Debsconeags,0.642
Debsconeags,1
Debsconeags,0.642
Debsconeags,0.365
Debsconeags,0.293
Debsconeags,0.312
Debsconeags,0.472
Debsconeags,0.462
Debsconeags,0.365
Debsconeags,0.948
Debsconeags,0.392
Debsconeags,0.42
Debsconeags,1
Debsconeags,0.392
Debsconeags,0.642
Debsconeags,0.472
Debsconeags,0.472
Debsconeags,0.462
Debsconeags,1
Debsconeags,0.642
Debsconeags,0.642
Debsconeags,0.392
Debsconeags,0.462
Debsconeags,0.672
Debsconeags,0.865
Debsconeags,0.375
Debsconeags,0.598
Debsconeags,0.037
Debsconeags,0.642
Debsconeags,1
Debsconeags,0.462
Debsconeags,0.392
Debsconeags,0.375
Debsconeags,0.42
Debsconeags,0.392
Debsconeags,0.462
Debsconeags,0.087
Debsconeags,0.462
Debsconeags,1
Debsconeags,0.392
Debsconeags,1
Debsconeags,0.642
Debsconeags,0.472
Debsconeags,0.462
Debsconeags,0.642
Debsconeags,0.392
Debsconeags,0.447
Debsconeags,0.462
Kennebec Estuary Sites,0.642
Kennebec Estuary Sites,0.462
Kennebec Estuary Sites,1
Kennebec Estuary Sites,1
Kennebec Estuary Sites,1
Debsconeags,1
Debsconeags,0.365
Debsconeags,1
Debsconeags,0.642
Debsconeags,0.365
Debsconeags,0.642
Debsconeags,1
Debsconeags,1
Debsconeags,0.462
Debsconeags,0.472
Debsconeags,0.523
Debsconeags,0.472
Debsconeags,0.365
Debsconeags,0.462
Debsconeags,0.472
Debsconeags,0.462
Debsconeags,0.642
Debsconeags,0.31
Debsconeags,0.338
Debsconeags,0.355
Debsconeags,0.365
Debsconeags,0.472
Debsconeags,0.365
Debsconeags,0.392
Debsconeags,0.392
Debsconeags,0.472
Debsconeags,0.635
Debsconeags,0.42
Debsconeags,0.472
Debsconeags,0.365
Debsconeags,0.365
Debsconeags,0.462
Debsconeags,0.462
Debsconeags,0.462
Debsconeags,0.472
Debsconeags,0.392
Debsconeags,0.462
Debsconeags,1
Debsconeags,0.365
Debsconeags,0.365
Debsconeags,0.365
Debsconeags,0.365
Debsconeags,0.462
Debsconeags,0.098
Debsconeags,1
Debsconeags,0.642
Debsconeags,0.462
Debsconeags,0.392
Debsconeags,0.392
Debsconeags,0.462
Debsconeags,0.365
Debsconeags,0.407
Debsconeags,0.305
Debsconeags,0.208
Debsconeags,0.472
Debsconeags,0.407
Debsconeags,0.637
Debsconeags,0.637
Debsconeags,0.258
Debsconeags,1
Kennebec Estuary Sites,0.462
Kennebec Estuary Sites,0.25
Kennebec Estuary Sites,1
Kennebec Estuary Sites,0.392
Kennebec Estuary Sites,1
Kennebec Estuary Sites,1
Kennebec Estuary Sites,1
Kennebec Estuary Sites,0.523
Kennebec Estuary Sites,0.642
Kennebec Estuary Sites,0.365
Kennebec Estuary Sites,1
Kennebec Estuary Sites,0.392
Kennebec Estuary Sites,0.392
Kennebec Estuary Sites,0.42
Kennebec Estuary Sites,0.462
Kennebec Estuary Sites,0.642
Kennebec Estuary Sites,0.642
Kennebec Estuary Sites,0.642
Debsconeags,1
Debsconeags,0.275
Debsconeags,0.472
Debsconeags,0.312
Debsconeags,1
Debsconeags,0.337
Debsconeags,0.293
Debsconeags,0.24
Debsconeags,0.24
Debsconeags,0.212
Debsconeags,0.392
Debsconeags,0.642
Debsconeags,1
Debsconeags,1
Debsconeags,0.365
Debsconeags,1
Debsconeags,0.21
Debsconeags,0.462
Debsconeags,0.642
Debsconeags,0.365
Kennebec Estuary Sites,0.42
Kennebec Estuary Sites,1
Kennebec Estuary Sites,0.958
Kennebec Estuary Sites,1
Debsconeags,0.392
Debsconeags,1
Debsconeags,0.21
Great Duck Island,0.365
Great Duck Island,0.472
Great Duck Island,0.365
Great Duck Island,0.42
Great Duck Island,0.25
Debsconeags,0.642
Debsconeags,0.392
Debsconeags,1
Kennebec Estuary Sites,1
Kennebec Estuary Sites,1
Kennebec Estuary Sites,0.642
Kennebec Estuary Sites,1
Kennebec Estuary Sites,0.642
Kennebec Estuary Sites,0.392
Kennebec Estuary Sites,0.365
Kennebec Estuary Sites,0.948
Kennebec Estuary Sites,1
Kennebec Estuary Sites,0.462
Kennebec Estuary Sites,0.642
Trout Mountain,0.365
Great Wass Island,0.523
Great Wass Island,0.275
Great Wass Island,0.212
Great Wass Island,0.25
Great Wass Island,0.337
Great Wass Island,0.312
Great Wass Island,0.337
Great Wass Island,0.293
Great Wass Island,0.213
Great Wass Island,0.25
Trout Mountain,1
Trout Mountain,0.392
Trout Mountain,0.462
Trout Mountain,0.472
Trout Mountain,0.462
Trout Mountain,0.462
Trout Mountain,0.365
Trout Mountain,0.045
Trout Mountain,0.073
Trout Mountain,0.958
Trout Mountain,0.073
Trout Mountain,0.365
Kennebec Estuary Sites,0.462
Kennebec Estuary Sites,0.392
Kennebec Estuary Sites,0.392
Kennebec Estuary Sites,0.642
Kennebec Estuary Sites,1
Saco River Sites,0.365
Saco River Sites,0.642
Saco River Sites,0.21
Saco River Sites,0.365
Saco River Sites,1
Saco River Sites,1
Saco River Sites,0.642
Saco River Sites,0.392
Placentia Island Preserve,0.462
Placentia Island Preserve,0.213
Placentia Island Preserve,0.42
Placentia Island Preserve,0.472
Placentia Island Preserve,0.365
Moose River Number 5 Mountain,0.337
Moose River Number 5 Mountain,0.275
Moose River Number 5 Mountain,0.293
Moose River Number 5 Mountain,0.213
Moose River Number 5 Mountain,0.523
Moose River Number 5 Mountain,0.472
Moose River Number 5 Mountain,0.312
Moose River Number 5 Mountain,1
Moose River Number 5 Mountain,0.523
Moose River Number 5 Mountain,0.462
Moose River Number 5 Mountain,0.365
Moose River Number 5 Mountain,0.365
Moose River Number 5 Mountain,0.213
Moose River Number 5 Mountain,0.472
Moose River Number 5 Mountain,0.462
Moose River Number 5 Mountain,0.462
Moose River Number 5 Mountain,0.462
Moose River Number 5 Mountain,0.523
Moose River Number 5 Mountain,0.293
Moose River Number 5 Mountain,0.275
Moose River Number 5 Mountain,0.523
Moose River Number 5 Mountain,0.337
Moose River Number 5 Mountain,0.312
Moose River Number 5 Mountain,0.523
Moose River Number 5 Mountain,0.42
Moose River Number 5 Mountain,0.642
Moose River Number 5 Mountain,1
Moose River Number 5 Mountain,1
Moose River Number 5 Mountain,0.462
Moose River Number 5 Mountain,0.337
Moose River Number 5 Mountain,1
Moose River Number 5 Mountain,0.642
Moose River Number 5 Mountain,0.42
Moose River Number 5 Mountain,0.42
Moose River Number 5 Mountain,1
Moose River Number 5 Mountain,0.642
Moose River Number 5 Mountain,0.523
Moose River Number 5 Mountain,0.337
Moose River Number 5 Mountain,0.213
Moose River Number 5 Mountain,0.392
Moose River Number 5 Mountain,0.472
Moose River Number 5 Mountain,0.42
Moose River Number 5 Mountain,0.42
Moose River Number 5 Mountain,0.312
Pine Barrens Sites,1
Pine Barrens Sites,1
Pine Barrens Sites,1
Pine Barrens Sites,0.373
Pine Barrens Sites,0.155
Pine Barrens Sites,1
Pine Barrens Sites,0.71
Pine Barrens Sites,0.71
Pine Barrens Sites,0.71
Pine Barrens Sites,1
Saco River Sites,1
Saco River Sites,1
Saco River Sites,0.948
Saco River Sites,0.958
Saco River Sites,0.958
Saco River Sites,0.462
Saco River Sites,0.958
Saco River Sites,0.958
Saco River Sites,0.958
Pine Barrens Sites,0.365
Pine Barrens Sites,0.21
Pine Barrens Sites,0.373
Pine Barrens Sites,1
Pine Barrens Sites,0.462
Pine Barrens Sites,0.373
Pine Barrens Sites,0.462
Pine Barrens Sites,1
Pine Barrens Sites,1
Pine Barrens Sites,1
Pine Barrens Sites,0.642
Pine Barrens Sites,1
Pine Barrens Sites,1
Big Reed Forest Reserve,0.365
Big Reed Forest Reserve,0.462
Big Reed Forest Reserve,0.462
Big Reed Forest Reserve,0.472
Big Reed Forest Reserve,0.642
Big Reed Forest Reserve,0.462
Big Reed Forest Reserve,0.462
Big Reed Forest Reserve,0.462
Big Reed Forest Reserve,0.462
Big Reed Forest Reserve,0.462
Big Reed Forest Reserve,0.462
Big Reed Forest Reserve,1
Big Reed Forest Reserve,1
Big Reed Forest Reserve,0.392
Big Reed Forest Reserve,0.642
Big Reed Forest Reserve,1
Big Reed Forest Reserve,0.365
Big Reed Forest Reserve,1
Big Reed Forest Reserve,1
Big Reed Forest Reserve,1
Big Reed Forest Reserve,0.392
Big Reed Forest Reserve,0.392
Big Reed Forest Reserve,0.392
Big Reed Forest Reserve,0.462
Big Reed Forest Reserve,0.958
Spring River Preserve,0.42
Spring River Preserve,0.27
Spring River Preserve,0.138
Spring River Preserve,0.293
Spring River Preserve,0.523
Spring River Preserve,0.462
Spring River Preserve,0.212
Spring River Preserve,0.365
Spring River Preserve,0.215
Spring River Preserve,0.312
Spring River Preserve,1
Spring River Preserve,0.215
Spring River Preserve,0.213
Spring River Preserve,0.42
Spring River Preserve,0.365
Spring River Preserve,0.337
Spring River Preserve,0.213
Spring River Preserve,0.642
Spring River Preserve,0.462
Spring River Preserve,0.392
Spring River Preserve,1
Spring River Preserve,0.293
Spring River Preserve,0.523
Spring River Preserve,0.365
Spring River Preserve,1
Spring River Preserve,0.392
Spring River Preserve,0.523
Spring River Preserve,1
Spring River Preserve,0.392
Spring River Preserve,0.212
Spring River Preserve,1
Spring River Preserve,1
Spring River Preserve,0.293
Spring River Preserve,0.523
Spring River Preserve,0.213
Spring River Preserve,0.312
Spring River Preserve,0.958
Spring River Preserve,0.392
Spring River Preserve,0.642
Spring River Preserve,0.293
Spring River Preserve,0.472
Spring River Preserve,0.523
Spring River Preserve,0.472
Spring River Preserve,0.642
Spring River Preserve,0.275
Trout Mountain,0.642
Trout Mountain,0.472
Trout Mountain,0.365
Trout Mountain,0.462
Trout Mountain,0.462
Trout Mountain,0.392
Trout Mountain,1
Trout Mountain,1
Trout Mountain,1
Trout Mountain,1
Trout Mountain,1
Kennebec Estuary Sites,0.42
Kennebec Estuary Sites,0.365
Big Spencer,1
Big Spencer,1
Big Spencer,1
Big Spencer,1
Big Spencer,1
Big Spencer,1
Big Spencer,0.523
Big Spencer,0.472
Big Spencer,1
Big Spencer,1
Big Spencer,1
Big Spencer,1
Big Spencer,1
Big Spencer,0.472
Big Spencer,0.642
Big Spencer,1
Big Spencer,1
Big Spencer,1
Big Spencer,0.392
Big Spencer,0.392
Big Spencer,0.642
Big Spencer,0.642
Big Spencer,0.462
Big Spencer,1
Big Spencer,0.275
Big Spencer,1
Big Spencer,1
Big Spencer,0.392
Big Spencer,0.472
Big Spencer,1
Big Spencer,0.365
Big Spencer,0.275
Big Spencer,0.462
Big Spencer,0.312
Big Spencer,0.337
Saco River Sites,1
Saco River Sites,0.948
Saco River Sites,1
Chamberlain Lake,0.462
Chamberlain Lake,0.462
Chamberlain Lake,0.392
Chamberlain Lake,0.642
Chamberlain Lake,0.392
Chamberlain Lake,0.392
Chamberlain Lake,0.365
Chamberlain Lake,0.462
Chamberlain Lake,0.462
Chamberlain Lake,0.42
Chamberlain Lake,0.462
Chamberlain Lake,0.642
Chamberlain Lake,0.392
Chamberlain Lake,0.462
Chamberlain Lake,0.462
Chamberlain Lake,0.392
Cutler,0.42
Cutler,0.42
Cutler,0.337
Cutler,0.42
Cutler,0.365
Cutler,0.365
Cutler,0.337
Cutler,0.42
Cutler,0.523
Cutler,0.472
Cutler,0.365
Cutler,0.337
Cutler,0.472
Cutler,0.212
Cutler,0.293
Cutler,0.642
Cutler,1
Cutler,0.275
Cutler,0.642
Cutler,0.212
Cutler,0.42
Cutler,0.42
Cutler,0.293
Cutler,0.275
Forest City,0.462
Forest City,0.462
Forest City,0.462
Forest City,0.365
Forest City,0.365
Forest City,0.462
Forest City,0.392
Forest City,0.365
Great Heath,0.642
Great Heath,0.213
Great Heath,0.337
Great Heath,0.472
Great Heath,0.462
Great Heath,0.213
Great Heath,0.25
Great Heath,0.365
Great Heath,0.462
Great Heath,0.365
Great Heath,0.642
Great Heath,0.392
Great Heath,0.365
Pine Barrens Sites,0.642
Pine Barrens Sites,0.462
Pine Barrens Sites,0.523
Pine Barrens Sites,0.213
Pine Barrens Sites,0.523
Kennebec Estuary Sites,1
Kennebec Estuary Sites,1
Kennebec Estuary Sites,1
Kennebec Estuary Sites,0.958
Kennebec Estuary Sites,1
Kennebec Estuary Sites,0.642
Mahoosucs,0.462
Mahoosucs,0.642
Mahoosucs,0.472
Mahoosucs,0.958
Mahoosucs,0.642
Mahoosucs,0.958
Mahoosucs,1
Mahoosucs,0.213
Mahoosucs,0.948
Mahoosucs,0.948
Mahoosucs,1
Mahoosucs,1
Mahoosucs,0.42
Mahoosucs,0.472
Mahoosucs,0.472
Mahoosucs,0.25
Mahoosucs,0.212
Mahoosucs,0.312
Mahoosucs,1
Mahoosucs,1
Mahoosucs,0.472
Mahoosucs,0.948
Mahoosucs,1
Mahoosucs,1
Mahoosucs,1
Mahoosucs,0.213
Mahoosucs,1
Mahoosucs,0.42
Mahoosucs,1
Mt. Abraham,0.523
Mt. Abraham,0.642
Mt. Abraham,0.462
Mt. Agamenticus,1
Mt. Agamenticus,1
Mt. Agamenticus,1
Mt. Agamenticus,0.462
Mt. Agamenticus,0.642
Mt. Agamenticus,0.462
Mt. Agamenticus,1
Mt. Agamenticus,1
Nahmakanta,1
Nahmakanta,0.392
Nahmakanta,0.392
Nahmakanta,1
Nahmakanta,0.392
Nahmakanta,1
Nahmakanta,0.392
Nahmakanta,0.472
Nahmakanta,0.337
Nahmakanta,0.392
Nahmakanta,0.462
Nahmakanta,0.642
Nahmakanta,0.275
Nahmakanta,0.25
Nahmakanta,0.312
Nahmakanta,1
Nahmakanta,1
Nahmakanta,1
Nahmakanta,1
Nahmakanta,0.642
Nahmakanta,0.137
Nahmakanta,0.642
Nahmakanta,0.398
Nahmakanta,0.338
Nahmakanta,0.365
Nahmakanta,0.537
Nahmakanta,0.407
Nahmakanta,1
Nahmakanta,0.02
Nahmakanta,0.392
Nahmakanta,0.365
Nahmakanta,0.642
Nahmakanta,0.462
Nahmakanta,0.642
Nahmakanta,0.392
Nahmakanta,0.462
Nahmakanta,0.642
Nahmakanta,1
Nahmakanta,1
Nahmakanta,0.472
Nahmakanta,0.365
Nahmakanta,0.472
Nahmakanta,0.392
Nahmakanta,0.392
Nahmakanta,0.642
Nahmakanta,0.365
Nahmakanta,0.462
Nahmakanta,0.523
Nahmakanta,0.392
Nahmakanta,0.462
Narraguagus,0.462
Narraguagus,0.472
Narraguagus,0.462
Narraguagus,0.213
Narraguagus,0.337
Number 5 Bog,0.215
Number 5 Bog,0.215
Number 5 Bog,0.523
Number 5 Bog,0.365
Number 5 Bog,0.293
Number 5 Bog,0.42
Number 5 Bog,0.472
Number 5 Bog,0.523
Number 5 Bog,0.472
Number 5 Bog,0.365
Number 5 Bog,0.462
Number 5 Bog,0.365
Number 5 Bog,0.472
Number 5 Bog,0.462
Number 5 Bog,0.215
Number 5 Bog,0.215
Number 5 Bog,0.215
Number 5 Bog,0.523
Number 5 Bog,0.42
Number 5 Bog,1
Number 5 Bog,0.523
Number 5 Bog,0.462
Number 5 Bog,0.365
Number 5 Bog,0.462
St. John Ponds,0.365
St. John Ponds,0.038
St. John Ponds,0.038
St. John Ponds,0.05
St. John Ponds,0.04
St. John Ponds,0.05
St. John Ponds,0.263
St. John Ponds,0.038
St. John Ponds,1
St. John Ponds,0.647
St. John Ponds,0.063
St. John Ponds,1
St. John Ponds,0.642
St. John Ponds,0.115
St. John Ponds,0.077
St. John Ponds,0.102
St. John Ponds,0.483
St. John Ponds,0.682
St. John Ponds,0.112
St. John Ponds,0.372
St. John Ponds,1
St. John Ponds,1
St. John Ponds,1
St. John Ponds,0.642
St. John Ponds,0.03
St. John Ponds,0.523
St. John Ponds,1
St. John Ponds,0.042
St. John Ponds,0.052
St. John Ponds,0.047
St. John Ponds,0.033
St. John Ponds,0.705
St. John Ponds,1
St. John Ponds,0.045
St. John Ponds,0.05
St. John Ponds,0.275
Wassataquoik,1
Wassataquoik,0.642
Wassataquoik,0.392
Wassataquoik,1
Wassataquoik,1
Wassataquoik,0.642
Wassataquoik,0.365
Wassataquoik,1
Wassataquoik,1
Wassataquoik,1
Wassataquoik,0.462
Wassataquoik,1
Wassataquoik,0.213
Wassataquoik,0.392
Wassataquoik,1
Wassataquoik,0.462
Wassataquoik,0.462
Salmon Brook Lake,0.462
Mt. Abraham,0.337
Bigelow,0.462
Spring River Lake,1
Baxter State Park,0.462
Baxter State Park,1
Baxter State Park,0.312
Baxter State Park,0.337
Baxter State Park,0.293
Baxter State Park,0.392
Baxter State Park,1
Baxter State Park,0.312
Baxter State Park,0.312
Baxter State Park,0.462
Baxter State Park,0.472
Baxter State Park,0.365
Baxter State Park,0.462
Baxter State Park,0.392
Baxter State Park,0.462
Kennebec Estuary Sites,1
Kennebec Estuary Sites,1
Shapleigh Woods,1
Shapleigh Woods,1
Shapleigh Woods,1
Shapleigh Woods,1
Shapleigh Woods,1
Baxter State Park,1
Big Spencer,0.275
St. John Ponds,0.263
Baxter State Park,1
Baxter State Park,1
Baxter State Park,1
Baxter State Park,0.642
Baxter State Park,0.392
Baxter State Park,0.392
Baxter State Park,1
Baxter State Park,0.392
Baxter State Park,0.462
Baxter State Park,0.42
Baxter State Park,0.392
Baxter State Park,0.392
Baxter State Park,0.215
Baxter State Park,0.293
Pine Barrens Sites,0.642
Pine Barrens Sites,0.392
Pine Barrens Sites,1
Pine Barrens Sites,1
Pine Barrens Sites,0.642
Pine Barrens Sites,0.392
Pine Barrens Sites,0.462
Pine Barrens Sites,0.392
Pine Barrens Sites,0.438
Pine Barrens Sites,0.642
Pine Barrens Sites,0.118
Pine Barrens Sites,0.42
Pine Barrens Sites,1
Pine Barrens Sites,0.392
Pine Barrens Sites,0.462
Pine Barrens Sites,0.635
Pine Barrens Sites,0.642
Pine Barrens Sites,0.365
Pine Barrens Sites,0.462
Pine Barrens Sites,0.365
Pine Barrens Sites,0.392
Pine Barrens Sites,0.392
Pine Barrens Sites,0.392
Pine Barrens Sites,1
Pine Barrens Sites,0.462
Pine Barrens Sites,0.642
Pine Barrens Sites,0.392
Pine Barrens Sites,0.642
Pine Barrens Sites,0.548
Baxter State Park,0.472
Baxter State Park,1
Baxter State Park,0.365
Baxter State Park,0.472
Baxter State Park,0.215
Baxter State Park,0.365
Baxter State Park,0.462
Baxter State Park,0.462
Baxter State Park,0.365
Baxter State Park,1
Baxter State Park,0.42
Baxter State Park,0.523
Baxter State Park,1
Baxter State Park,1
Baxter State Park,1
Bradley Sunkhaze,0.392
Bradley Sunkhaze,0.268
Bradley Sunkhaze,0.462
Bradley Sunkhaze,0.365
Bradley Sunkhaze,0.257
Bradley Sunkhaze,0.462
Bradley Sunkhaze,0.128
Bradley Sunkhaze,0.523
Bradley Sunkhaze,0.365
Bradley Sunkhaze,0.472
Bradley Sunkhaze,0.037
Bradley Sunkhaze,0.06
Bradley Sunkhaze,0.06
Bradley Sunkhaze,0.523
Bradley Sunkhaze,0.035
Bradley Sunkhaze,0.2
Bradley Sunkhaze,0.42
Bradley Sunkhaze,0.275
Bradley Sunkhaze,0.508
Bradley Sunkhaze,0.293
Bradley Sunkhaze,0.365
Bradley Sunkhaze,0.462
Bradley Sunkhaze,0.187
Bradley Sunkhaze,0.02
Bradley Sunkhaze,1
