state,fort_grp,v51_class,n,pct,n_total
ME,Aspen-birch,Not LSOG,284,90.15873015873017,315
ME,Aspen-birch,Transitioning LS,28,8.88888888888889,315
ME,Aspen-birch,LS,3,0.9523809523809523,315
ME,Elm-ash-cottonwood,Not LSOG,74,96.1038961038961,77
ME,Elm-ash-cottonwood,Transitioning LS,3,3.896103896103896,77
ME,Loblolly-shortleaf pine,Not LSOG,1,100,1
ME,Maple-beech-birch,Not LSOG,1128,90.02394253790902,1253
ME,Maple-beech-birch,Transitioning LS,111,8.858739026336792,1253
ME,Maple-beech-birch,LS,12,0.9577015163607342,1253
ME,Maple-beech-birch,OG,2,0.1596169193934557,1253
ME,Nonstocked,Not LSOG,5,100,5
ME,Oak-hickory,Not LSOG,67,91.78082191780823,73
ME,Oak-hickory,Transitioning LS,6,8.219178082191782,73
ME,Oak-pine,Not LSOG,54,72,75
ME,Oak-pine,Transitioning LS,14,18.666666666666668,75
ME,Oak-pine,LS,5,6.666666666666667,75
ME,Oak-pine,OG,2,2.6666666666666665,75
ME,Other (384),Not LSOG,4,100,4
ME,Other (385),Not LSOG,2,100,2
ME,Other (516),Not LSOG,3,100,3
ME,Other (517),Not LSOG,1,100,1
ME,Other (519),Not LSOG,5,100,5
ME,Other (520),Not LSOG,3,100,3
ME,Other (962),Not LSOG,23,100,23
ME,White-red-jack pine,Not LSOG,1030,80.1556420233463,1285
ME,White-red-jack pine,Transitioning LS,215,16.731517509727627,1285
ME,White-red-jack pine,LS,38,2.9571984435797667,1285
ME,White-red-jack pine,OG,2,0.1556420233463035,1285
NH,Aspen-birch,Not LSOG,27,65.85365853658537,41
NH,Aspen-birch,Transitioning LS,13,31.70731707317073,41
NH,Aspen-birch,LS,1,2.4390243902439024,41
NH,Elm-ash-cottonwood,Not LSOG,13,92.85714285714286,14
NH,Elm-ash-cottonwood,LS,1,7.142857142857143,14
NH,Loblolly-shortleaf pine,Not LSOG,1,100,1
NH,Maple-beech-birch,Not LSOG,289,76.2532981530343,379
NH,Maple-beech-birch,Transitioning LS,79,20.844327176781004,379
NH,Maple-beech-birch,LS,10,2.638522427440633,379
NH,Maple-beech-birch,OG,1,0.2638522427440633,379
NH,Nonstocked,Not LSOG,2,100,2
NH,Oak-hickory,Not LSOG,52,75.3623188405797,69
NH,Oak-hickory,Transitioning LS,15,21.73913043478261,69
NH,Oak-hickory,LS,2,2.898550724637681,69
NH,Oak-pine,Not LSOG,29,69.04761904761905,42
NH,Oak-pine,Transitioning LS,11,26.19047619047619,42
NH,Oak-pine,LS,2,4.761904761904762,42
NH,Other (519),Not LSOG,4,100,4
NH,Other (520),Not LSOG,1,100,1
NH,Other (962),Not LSOG,5,100,5
NH,White-red-jack pine,Not LSOG,98,49.246231155778894,199
NH,White-red-jack pine,Transitioning LS,78,39.19597989949749,199
NH,White-red-jack pine,LS,22,11.055276381909549,199
NH,White-red-jack pine,OG,1,0.5025125628140703,199
NY,Aspen-birch,Not LSOG,55,88.70967741935483,62
NY,Aspen-birch,Transitioning LS,5,8.064516129032258,62
NY,Aspen-birch,LS,2,3.225806451612903,62
NY,Elm-ash-cottonwood,Not LSOG,138,86.79245283018868,159
NY,Elm-ash-cottonwood,Transitioning LS,17,10.69182389937107,159
NY,Elm-ash-cottonwood,LS,3,1.8867924528301887,159
NY,Elm-ash-cottonwood,OG,1,0.6289308176100629,159
NY,Loblolly-shortleaf pine,Not LSOG,8,100,8
NY,Maple-beech-birch,Not LSOG,771,69.77375565610859,1105
NY,Maple-beech-birch,Transitioning LS,253,22.895927601809955,1105
NY,Maple-beech-birch,LS,65,5.882352941176471,1105
NY,Maple-beech-birch,OG,16,1.4479638009049773,1105
NY,Nonstocked,Not LSOG,32,100,32
NY,Oak-gum-cypress,Not LSOG,2,66.66666666666667,3
NY,Oak-gum-cypress,Transitioning LS,1,33.333333333333336,3
NY,Oak-hickory,Not LSOG,166,74.43946188340807,223
NY,Oak-hickory,Transitioning LS,40,17.937219730941703,223
NY,Oak-hickory,LS,15,6.726457399103139,223
NY,Oak-hickory,OG,2,0.8968609865470852,223
NY,Oak-pine,Not LSOG,40,62.5,64
NY,Oak-pine,Transitioning LS,16,25,64
NY,Oak-pine,LS,8,12.5,64
NY,Other (171),Not LSOG,4,100,4
NY,Other (201),Not LSOG,1,100,1
NY,Other (381),Not LSOG,8,80,10
NY,Other (381),Transitioning LS,2,20,10
NY,Other (384),Not LSOG,9,69.23076923076923,13
NY,Other (384),Transitioning LS,2,15.384615384615385,13
NY,Other (384),LS,2,15.384615384615385,13
NY,Other (510),Not LSOG,4,80,5
NY,Other (510),LS,1,20,5
NY,Other (512),Not LSOG,6,85.71428571428571,7
NY,Other (512),Transitioning LS,1,14.285714285714286,7
NY,Other (513),Not LSOG,11,91.66666666666667,12
NY,Other (513),Transitioning LS,1,8.333333333333334,12
NY,Other (515),Not LSOG,8,57.142857142857146,14
NY,Other (515),Transitioning LS,5,35.714285714285715,14
NY,Other (515),LS,1,7.142857142857143,14
NY,Other (516),Not LSOG,19,100,19
NY,Other (517),Not LSOG,43,93.47826086956522,46
NY,Other (517),Transitioning LS,3,6.521739130434782,46
NY,Other (519),Not LSOG,24,92.3076923076923,26
NY,Other (519),LS,2,7.6923076923076925,26
NY,Other (520),Not LSOG,20,83.33333333333333,24
NY,Other (520),Transitioning LS,3,12.5,24
NY,Other (520),LS,1,4.166666666666667,24
NY,Other (962),Not LSOG,29,96.66666666666667,30
NY,Other (962),Transitioning LS,1,3.3333333333333335,30
NY,Other (995),Not LSOG,22,100,22
NY,White-red-jack pine,Not LSOG,114,52.293577981651374,218
NY,White-red-jack pine,Transitioning LS,67,30.73394495412844,218
NY,White-red-jack pine,LS,29,13.302752293577981,218
NY,White-red-jack pine,OG,8,3.669724770642202,218
VT,Aspen-birch,Not LSOG,25,86.20689655172414,29
VT,Aspen-birch,Transitioning LS,2,6.896551724137931,29
VT,Aspen-birch,LS,2,6.896551724137931,29
VT,Elm-ash-cottonwood,Not LSOG,16,100,16
VT,Maple-beech-birch,Not LSOG,348,73.10924369747899,476
VT,Maple-beech-birch,Transitioning LS,104,21.84873949579832,476
VT,Maple-beech-birch,LS,23,4.831932773109243,476
VT,Maple-beech-birch,OG,1,0.21008403361344538,476
VT,Nonstocked,Not LSOG,3,100,3
VT,Oak-hickory,Not LSOG,9,100,9
VT,Oak-pine,Not LSOG,9,64.28571428571429,14
VT,Oak-pine,Transitioning LS,2,14.285714285714286,14
VT,Oak-pine,LS,3,21.428571428571427,14
VT,Other (384),Not LSOG,2,66.66666666666667,3
VT,Other (384),Transitioning LS,1,33.333333333333336,3
VT,Other (515),Transitioning LS,1,100,1
VT,Other (517),Not LSOG,2,100,2
VT,Other (519),Not LSOG,2,100,2
VT,Other (962),Not LSOG,5,100,5
VT,Other (995),Not LSOG,2,100,2
VT,White-red-jack pine,Not LSOG,45,47.36842105263158,95
VT,White-red-jack pine,Transitioning LS,35,36.8421052631579,95
VT,White-red-jack pine,LS,15,15.789473684210526,95
