hexid,hagan,gedi,treemap,nvalid,disagree
28,0.894557823129252,0.532312925170068,0.102040816326531,588,0.792517006802721
29,0.341071428571429,0.366071428571429,0.108928571428571,560,0.257142857142857
30,0.0707317073170732,0.136585365853659,0.132926829268293,820,0.0658536585365854
31,0.431521739130435,0.22439585730725,0.00652173913043478,920,0.425
32,0.346092503987241,0.340650406504065,0.00956937799043062,1254,0.33652312599681
33,0.509859154929577,0.301865460712267,0.00507042253521127,1775,0.504788732394366
34,0.14992428066633,0.119131751640586,0.00959111559818274,1981,0.140333165068147
35,0.144253140995812,0.127035830618893,0.0162866449511401,2149,0.127966496044672
54,0.607495881383855,0.541186161449753,0.150329489291598,2428,0.457166392092257
55,0.367088607594937,0.362869198312236,0.0729355033152501,1659,0.294153104279687
56,0.294399410464259,0.367722918201916,0.198968312453943,2714,0.168754605747973
57,0.239026717557252,0.138219145380759,0.0283874045801527,4192,0.210639312977099
58,0.528738839285714,0.294274695935924,0.0203683035714286,3584,0.508370535714286
59,0.399034240561896,0.241477897514845,0.0645302897278314,4556,0.334503950834065
60,0.193334909004963,0.160331384015595,0.00590876861262113,4231,0.187426140392342
61,0.199719831899139,0.182575142160845,0.00580348208925355,4997,0.193916349809886
62,0.0333398705628555,0.110521140609636,0.00607962345557953,5099,0.104441517154057
81,0.679890560875513,0.603478600742623,0.118819620871604,5117,0.561070940003909
82,0.371904266389178,0.463059313215401,0.171488033298647,4805,0.291571279916753
83,0.273606729758149,0.190406059330949,0.171398527865405,4755,0.102208201892744
84,0.365140650854937,0.17197334320622,0.00864129435558007,5439,0.356499356499357
85,0.279248037963132,0.123760558207859,0.0250045628764373,5479,0.254243475086695
86,0.425494115034422,0.310495963091119,0.0286475682878081,4503,0.396846546746613
87,0.132741577567077,0.130488305293394,0.00726245713132943,4957,0.125479120435747
88,0.189326556543837,0.140389161665757,0.0212379742239971,5509,0.16808858231984
89,0.0206100577081616,0.306677658697444,0.021434460016488,1213,0.286067600989283
107,0.598365807668133,0.840351979886864,0.0465116279069768,1591,0.793840351979887
108,0.280366692131398,0.504201680672269,0.104660045836516,1309,0.399541634835752
109,0.697489672704163,0.525897680330473,0.103908484270734,3147,0.593581188433429
110,0.362714932126697,0.1352525801195,0.0847058823529412,5525,0.278009049773756
111,0.461434977578475,0.255705635770843,0.0286995515695067,4460,0.432735426008969
112,0.410532863363052,0.269612068965517,0.0242587601078167,4823,0.386274103255235
113,0.26456450682561,0.265219077161691,0.0198038838684868,5201,0.245415193293204
114,0.225213752956158,0.155959963603276,0.100054575222849,5497,0.125159177733309
115,0.0475547149419076,0.17380694143167,0.0156714401513105,3701,0.15813550128036
134,0.449302765303711,0.536441079034548,0.0917040888678799,4231,0.444736990166668
136,0.578156312625251,0.425517702070808,0.221442885771543,2994,0.356713426853707
137,0.570364854802681,0.291287878787879,0.0556589724497394,5372,0.514705882352941
138,0.383254716981132,0.145669291338583,0.0330188679245283,4240,0.350235849056604
139,0.270466949666465,0.211815561959654,0.0040428542551041,4947,0.26642409541136
140,0.224316334072432,0.224870657797487,0.0421286031042129,5412,0.182742054693274
141,0.0407020164301718,0.0597907324364723,0.032486930545183,2678,0.0273038018912894
160,0.593943016537159,0.646553446553447,0.0508069336521219,5019,0.595746512901325
163,0.483857264231096,0.264655904842821,0.230671197960918,2354,0.253186066270178
164,0.226818181818182,0.223666210670315,0.0875,4400,0.139318181818182
165,0.595126122274476,0.243193354868482,0.0324925181701582,2339,0.562633604104318
166,0.376925898752751,0.259643916913947,0.00348495964783566,5452,0.373440939104916
167,0.152185501066098,0.212686567164179,0.0783582089552239,3752,0.134328358208955
168,0.251978088861838,0.132052076875387,0.076080340839927,1643,0.175897748021911
169,0.537782139352306,0.112855740922473,0.013738959764475,1019,0.524043179587831
186,0.319757365684575,0.478677110530897,0.0251299826689775,1154,0.453547127861919
187,0.369283276450512,0.365669074647403,0.0249146757679181,2930,0.344368600682594
190,0.46446218167997,0.32497149372862,0.15963511972634,2631,0.30482706195363
191,0.282095425479587,0.178553234844626,0.0339399901623217,4066,0.248155435317265
192,0.287510477787091,0.153962754439151,0.0129924559932942,4772,0.274518021793797
193,0.243396226415094,0.301199657240788,0.0144654088050314,4770,0.286734248435757
194,0.0902693520990051,0.206534991465496,0.074981800533851,4121,0.131553190931645
195,0.278149989193862,0.174523130892348,0.026150853684893,4627,0.251999135508969
213,0.31439894319683,0.560123784261715,0.00660501981505945,2271,0.553518764446656
217,0.225484072454716,0.131386861313869,0.112846137830523,4803,0.112637934624193
218,0.324774774774775,0.166204986149584,0.0112612612612613,4440,0.313513513513514
219,0.325959001420743,0.407581006725087,0.00649482443677694,4927,0.40108618228831
220,0.0797702616464582,0.101680493512019,0.0129759625611572,4701,0.0887045309508615
221,0.214488188976378,0.28128,0.188976377952756,3175,0.0923036220472441
222,0.380179171332587,0.0642045454545455,0.0145576707726764,1786,0.36562150055991
223,0.0787096774193548,0.180645161290323,0.0593548387096774,775,0.121290322580645
241,0.347115384615385,0.211538461538462,0.0153846153846154,1040,0.331730769230769
244,0.0538933640199463,0.0891510346161284,0.139815880322209,5214,0.0859225163022631
245,0.0986940697923357,0.0869082018226272,0.014771997430957,4671,0.0839220723613787
246,0.136065920135221,0.235508021390374,0.0021128248468202,4733,0.233395196543554
247,0.161022805805114,0.154803040774015,0.0165860400829302,1447,0.144436765722184
248,0.323668639053254,0.31062124248497,0.108284023668639,5070,0.215384615384615
249,0.154127322570819,0.268433881779403,0.124581175753884,3283,0.143852706025519
250,0.410438908659549,0.246706586826347,0.100830367734282,843,0.309608540925267
267,0.191353649893692,0.383416017009213,0.0163004961020553,1411,0.367115520907158
270,0.193747039317859,0.208195168166746,0.0895310279488394,4222,0.118664140217906
271,0.165188897455667,0.123747790218032,0.0398997686969931,5188,0.125289128758674
272,0.121780721118469,0.118105849582173,0.00551876379690949,5436,0.11626195732156
273,0.0621590023382697,0.123577873675951,0.00370226032735776,5132,0.119875613348594
274,0.598360655737705,0.126050420168067,0.0105386416861827,854,0.587822014051522
275,0.0159680638722555,0.0565535595475715,0.226214238190286,1503,0.210246174318031
276,0.372705796838088,0.258961228968544,0.068871524622933,5503,0.303834272215155
294,0.353529044347283,0.31105559025609,0.061211742660837,1601,0.292317301686446
296,0.430364372469636,0.438866396761134,0.161133603238866,2470,0.277732793522267
297,0.180444282592862,0.257189961531416,0.131646030589949,5492,0.125543930941467
298,0.065405107477494,0.105195045294879,0.0113907771449568,5443,0.0938042681499221
299,0.146230323115162,0.0782932891466446,0.0153272576636288,4828,0.130903065451533
300,0.122093023255814,0.0368663594470046,0.00539867109634552,2408,0.116694352159468
301,0.159855043285686,0.108717535735857,0.0612039460438897,4967,0.0986510972417959
302,0.129545454545455,0.14469696969697,0.109848484848485,5280,0.0348484848484848
303,0.530506101220244,0.251700680272109,0.0232046409281856,4999,0.507301460292058
323,0.168865435356201,0.217982545159326,0.108991272579663,4927,0.108991272579663
324,0.108664432742939,0.23015873015873,0.114169459071326,4178,0.121494297415791
325,0.11202485380117,0.110948638274538,0.00694444444444444,5472,0.105080409356725
326,0.108766233766234,0.0573593073593074,0.00378787878787879,5544,0.104978354978355
327,0.320896893953317,0.111459678907548,0.00459474361330638,5441,0.316302150340011
328,0.0542154835745463,0.0758097863542385,0.141741327819894,4353,0.087525844245348
329,0.311763639659235,0.125182481751825,0.00761283306144644,5517,0.304150806597789
330,0.408418283459388,0.228872081552121,0.0611640907596186,3041,0.34725419269977
349,0.234156820622986,0.664876476906552,0.171858216970999,931,0.493018259935553
350,0.262738853503185,0.350031908104659,0.0213375796178344,3140,0.328694328486824
351,0.39672131147541,0.389811980760822,0.099672131147541,4575,0.297049180327869
352,0.19043321299639,0.100180505415162,0.0209386281588448,5540,0.169494584837545
353,0.129961233154883,0.0675675675675676,0.00443049658482555,5417,0.125530736570057
354,0.161039898898718,0.101286464939301,0.00866582415598484,5539,0.152374074742733
355,0.0686351192804067,0.06394211967149,0.0809542432538131,5114,0.017012123582323
356,0.206134745298521,0.0770081061164333,0.00419937922220194,5477,0.201935366076319
357,0.292372881355932,0.173728813559322,0.207627118644068,236,0.11864406779661
375,0.139588100686499,0.296720061022121,0.0061022120518688,1311,0.290617848970252
377,0.141822133671436,0.278563656147987,0.0110487230574171,5521,0.26751493309057
378,0.0481530343007916,0.180738786279683,0.0234168865435356,3032,0.157321899736148
379,0.399508800654932,0.174140182847192,0.0454359394187474,4886,0.354072861236185
380,0.0580446218030111,0.0537280701754386,0.00253945220388173,5513,0.0555051695991293
381,0.0880848645576814,0.163024890746722,0.0644061375260466,5279,0.0986187532206758
382,0.481562216167121,0.192883211678832,0.00980926430517711,5505,0.471752951861944
383,0.29165909503907,0.20611798980335,0.0348900599672906,5503,0.256769035071779
384,0.031936127744511,0.260479041916168,0.00898203592814371,1002,0.251497005988024
401,0.186134852801519,0.455840455840456,0.0398860398860399,1053,0.415954415954416
403,0.0573122529644269,0.126482213438735,0.00197628458498024,506,0.124505928853755
404,0.162837565497783,0.297057638049174,0.0777912132204756,2481,0.219266424828698
405,0.478308823529412,0.244710211591536,0.0417279411764706,5440,0.436580882352941
406,0.19366391184573,0.126478616924477,0.0165289256198347,3630,0.177134986225895
407,0.201970443349754,0.254917084458157,0.00189465706707086,5278,0.253022427391086
408,0.112370341913177,0.0472319008904375,0.131386861313869,5206,0.0841549604234312
409,0.29603315571344,0.109423116403203,0.00789421748569173,5067,0.288138938227748
410,0.293928923988154,0.228775913129319,0.09106614017769,4052,0.202862783810464
411,0.0286944045911047,0.196556671449067,0.0616929698708752,697,0.167862266857963
428,0.366990291262136,0.380859375,0.0310679611650485,1030,0.349791413834951
430,0.141445336627548,0.290302655960469,0.0479719991764464,4857,0.242330656784023
431,0.239130434782609,0.186552072800809,0.111476238624874,3956,0.127654196157735
432,0.550938019472809,0.281257676246622,0.033246259795773,4211,0.517691759677036
433,0.107859078590786,0.170537010159652,0.0016260162601626,5535,0.168910993899489
434,0.352174746119946,0.282096240015585,0.0139873538992144,5219,0.338187392220732
435,0.214750542299349,0.0762899016261795,0.0203115756261092,5071,0.19443896667324
436,0.299777942264989,0.159723519521764,0.0074019245003701,5404,0.292376017764619
437,0.0942238267148015,0.175514626218852,0.011913357400722,5540,0.16360126881813
439,0.0682492581602374,0.0593471810089021,0,674,0.0682492581602374
456,0.133354551241248,0.198662846227316,0.000954805856142584,3142,0.197708040371174
457,0.211231418608919,0.458432739952285,0.04147550009176,5449,0.416957239860525
458,0.391288433382138,0.333455344070278,0.0153733528550512,5464,0.375915080527086
459,0.19708309345615,0.363796477495108,0.00978698906160046,5211,0.354009488433507
460,0.411875589066918,0.365494841421475,0.0105560791705938,5305,0.401319509896324
461,0.0716238381629306,0.0312729948491538,0.0102059413158374,5487,0.0614178968470931
462,0.272086362634942,0.105492990117214,0.0149812734082397,4539,0.257105089226702
463,0.223926940639269,0.276431718061674,0.0715981735159817,5475,0.204833544545692
464,0.214766714766715,0.27215343529983,0.0182780182780183,4158,0.253875417021812
465,0.0638848920863309,0.0738901869158879,0.00776978417266187,3475,0.066120402743226
466,0.0948228882833788,0.111293859649123,0.00217983651226158,1835,0.109114023136861
467,0.0741573033707865,0.051685393258427,0.0262172284644195,1335,0.047940074906367
483,0.254512635379061,0.370397111913357,0.00342960288808664,5540,0.366967509025271
484,0.265978634799928,0.448457350272232,0.0497917798298026,5523,0.39866557044243
485,0.505455617811855,0.239713216957606,0.0657623120023592,3391,0.439693305809496
486,0.189508077691051,0.151587012039402,0.0201488473407152,5509,0.169359230350336
487,0.181801470588235,0.193847294292068,0.0235294117647059,5440,0.170317882527362
488,0.109640831758034,0.0716463414634146,0.0275992438563327,5290,0.0820415879017013
489,0.0860507246376812,0.0681114551083591,0.00398550724637681,5520,0.0820652173913043
490,0.130154102457309,0.236743215031315,0.0376926280716368,4802,0.199050586959678
491,0.187311935807422,0.161423414130995,0.00877632898696088,3988,0.178535606820461
492,0.180497548574542,0.152023332118119,0.00127110949700381,5507,0.179226439077538
493,0.196663740122915,0.174934152765584,0.0103160667251975,4556,0.186347673397717
494,0.10690537084399,0.0961636828644501,0.0184143222506394,1955,0.0884910485933504
509,0.154388212684177,0.205136436597111,0.00160153747597694,3122,0.203534899121134
510,0.282380607814761,0.24641104851899,0.0104920405209841,5528,0.271888567293777
511,0.263358778625954,0.253649635036496,0.0363504180298073,5502,0.227008360596147
512,0.186237133053755,0.154897055993843,0.00895920701486847,5246,0.177277926038887
513,0.0883997835107343,0.153623712271824,0.00793793974382104,5543,0.145685772528003
514,0.0321879936808847,0.0971643862780091,0.0851105845181675,5064,0.0649763925971245
515,0.0711432375879779,0.0518731988472623,0.0237778200494579,5257,0.0473654175385201
516,0.134199134199134,0.198714312724523,0.0282326369282891,5313,0.170481675796233
517,0.156278229448961,0.106074342701723,0.00560072267389341,5535,0.150677506775068
518,0.083969465648855,0.0469474497681607,0.00343511450381679,5240,0.0805343511450382
519,0.0674846625766871,0.10826416456153,0.00252616383976904,5542,0.105738000721761
520,0.147058823529412,0.124526258798051,0.00577408877661494,5542,0.141284734752797
521,0.21989247311828,0.187096774193548,0.0161290322580645,1860,0.203763440860215
536,0.313672922252011,0.155495978552279,0,1119,0.313672922252011
537,0.315095702419646,0.350271247739602,0.0315998555435175,5538,0.318671392196085
538,0.151021953065859,0.224990417784592,0.0211960635881908,5284,0.203794354196401
539,0.244114921223355,0.22260735605623,0.0213160333642261,5395,0.222798887859129
540,0.0352061291499453,0.103976650857351,0.0397665085735133,5482,0.0687705217074061
541,0.0506769118185145,0.116811219782248,0.0863519941456275,5466,0.0661343079637332
542,0.016805204192266,0.0296510576749232,0.00397542464763282,5534,0.0256756330272903
543,0.438771802325581,0.37964989059081,0.00617732558139535,5504,0.432594476744186
544,0.194157140264925,0.0872410032715376,0.00870985302123027,5511,0.185447287243694
545,0.0820707070707071,0.0811688311688312,0.00414862914862915,5544,0.0779220779220779
546,0.0932876217971851,0.0889570552147239,0.00793937206784554,5542,0.0853482497293396
547,0.118506493506494,0.10515873015873,0.0073953823953824,5544,0.111111111111111
548,0,0,0.0443349753694581,203,0.0443349753694581
563,0.247403210576015,0.319795027519453,0.00472143531633617,5295,0.315073592203117
564,0.163357400722022,0.263176895306859,0.0184115523465704,5540,0.244765342960289
565,0.220532319391635,0.273185875048506,0.0112167300380228,5260,0.261969145010483
566,0.113997113997114,0.136904761904762,0.0223665223665224,5544,0.11453823953824
567,0.0362537764350453,0.117086193745233,0.0383308157099698,5296,0.0808324173101873
568,0.071619674830212,0.0842282585807539,0.0090553611854291,4859,0.0751728973953248
569,0.0896803652968037,0.216845216106391,0.00438356164383562,5475,0.212461654462555
570,0.256341789052069,0.161704611792177,0.00343314896051879,5243,0.252908640091551
571,0.276864728192162,0.163405797101449,0.00758533501896334,5537,0.269279393173199
572,0.0357271743053049,0.0422230241789968,0.00451100685673042,5542,0.0377120173222663
573,0.0985203897509924,0.0467340310357272,0.00920245398773006,5542,0.0893179357632624
574,0.0757103574702108,0.0546287809349221,0.0130155820348304,5455,0.0626947754353804
575,0,0.0224719101123596,0.0224719101123596,356,0.0224719101123596
590,0.315618221258135,0.404494382022472,0.0146420824295011,5532,0.389852299592971
591,0.20655979362447,0.21656050955414,0.0151096370001843,5427,0.201450872553956
592,0.208220170197357,0.218652469249128,0.00706137968495383,5523,0.211591089564174
593,0.0976358058112254,0.148516642547033,0.00505323948745714,5541,0.143463403059576
594,0.0498453702019283,0.0907087770840984,0.0203747498635619,5497,0.0703340272205365
595,0.0115648717022046,0.0361598264328331,0.00361402240693892,5534,0.0325458040258942
596,0.154942787469518,0.327117031398668,0.00393922341024198,5331,0.323177807988426
597,0.262038887879339,0.0802919708029197,0.00654188624386698,5503,0.255497001635472
598,0.0777576853526221,0.0259057971014493,0.00614828209764919,5530,0.0716094032549729
599,0.0552147239263804,0.0229159148321905,0.0173222663298448,5542,0.0378924575965356
600,0.0768398268398268,0.0474386724386724,0.0108225108225108,5544,0.066017316017316
601,0.200306144762738,0.0828777607697354,0.0157445877979445,4573,0.184561556964793
602,0.00744724865535788,0.00372362432767894,0.0248241621845263,2417,0.0211005378568473
603,0.36,0.105898123324397,0.00666666666666667,750,0.353333333333333
616,0.388192041522491,0.27168505299589,0.00583910034602076,4624,0.382352941176471
617,0.327931172468988,0.217807054823629,0.0112044817927171,4998,0.316726690676271
618,0.336828059473885,0.226248775710088,0.0335493709492947,5246,0.30327868852459
619,0.291411042944785,0.147335991301196,0.0290508841573439,5542,0.262360158787441
620,0.0485419308096359,0.108699616997994,0.00597717804745517,5521,0.102722438950539
621,0.0408051235132662,0.0696728885603401,0.015736505032022,5465,0.0539363835283181
622,0.00685178507032095,0.0939415795167688,0.00649116480346196,5546,0.0874504147133069
623,0.249441548771407,0.190657045195594,0.00428145941921072,5372,0.245160089352197
624,0.259789702683104,0.131382882064329,0.0195794053662074,5516,0.240210297316896
625,0.00902201371346085,0.0115481775532299,0.010826416456153,5542,0.00252616383976904
626,0.0359076145795742,0.0285095633345363,0.0247203175748827,5542,0.0111872970046915
627,0.0680259833994948,0.0636954168170336,0.0429447852760736,5542,0.0250811981234211
628,0.099025974025974,0.0484191508581753,0.0101010101010101,5544,0.0889249639249639
629,0.200171453064724,0.0418634607127523,0.0407201028718388,4666,0.159451350192885
630,0.0209643605870021,0.0154820548909219,0.0293501048218029,1431,0.0138680499308811
643,0.456666666666667,0.372797107998193,0.00666666666666667,4500,0.45
644,0.143168604651163,0.2310243183493,0.03125,5504,0.1997743183493
645,0.0696616951618771,0.108616283315079,0.0134594397962896,5498,0.0951568435187889
646,0.135976287513894,0.146084337349398,0.0103742126713598,5398,0.135710124678038
647,0.0413357400722022,0.108455549520188,0.00469314079422383,5540,0.103762408725964
648,0.0614795918367347,0.112554112554113,0.0168367346938776,3920,0.095717377860235
649,0.0273822562979189,0.127768625297456,0.00164293537787514,5478,0.12612568991958
650,0.264299802761341,0.152140164116212,0.0107385492000877,4563,0.253561253561254
651,0.125854740343744,0.07713858797161,0.0118277582701904,5411,0.114026982073554
652,0.00218938149972633,0.0353609380725541,0.0406860062032476,5481,0.0384966247035213
653,0.0243948562783661,0.0268776210446054,0.015695915279879,5288,0.0111817057647264
654,0.0752435943702634,0.0386490879537656,0.0519667989895345,5542,0.0365945064164979
655,0.0478253022920051,0.0261153427638738,0.0119112073632918,5541,0.0359140949287132
656,0.145652173913043,0.0283584802763134,0.0230072463768116,5520,0.122644927536232
657,0.130044843049327,0.0145739910313901,0.00560538116591928,892,0.124439461883408
669,0.358543417366947,0.340486409155937,0.00420168067226891,1428,0.354341736694678
670,0.336823104693141,0.249638989169675,0.0115523465703971,5540,0.325270758122744
671,0.118083921277386,0.295463137996219,0.0417749721500186,5386,0.253688165846201
672,0.124104111655979,0.164219474497682,0.00848736325914749,5302,0.155732111238534
673,0.133256528417819,0.048180924287119,0.0245775729646697,5208,0.108678955453149
674,0.0402993667242372,0.093622001170275,0.0130493187488006,5211,0.0805726824214744
675,0.0588123695693417,0.0666537116206763,0.0641244545627016,5271,0.00784134205133457
676,0.28823743627094,0.23013698630137,0.00564457392571012,5492,0.282592862345229
677,0.310039725532683,0.321886860654256,0.0115565185987721,5538,0.310330342055484
678,0.0217310549777117,0.0246085011185682,0.00891530460624071,5384,0.0156931965123275
679,0.0351758793969849,0.0172413793103448,0.0388981946770892,5373,0.0216568153667443
680,0.0631540959942259,0.0378924575965356,0.0176831468783833,5542,0.0454709491158427
681,0.0451589595375723,0.0439042089985486,0.0178829479768786,5536,0.0272760115606936
682,0.117870036101083,0.0144953795977532,0.0324909747292419,5540,0.10337465650333
683,0.0451306413301663,0.0182387619749447,0.0211949570619404,5473,0.0268918793552215
684,0.0736342042755344,0.00475059382422803,0.0237529691211401,421,0.0688836104513064
696,0.0517560073937154,0.11460258780037,0.0184842883548983,541,0.0961182994454713
697,0.0277777777777778,0.138528138528139,0.00974025974025974,5544,0.128787878787879
698,0.0700290979631426,0.198208955223881,0.0126091173617847,5155,0.185599837862096
699,0.108298680166335,0.102377927028499,0.0137407340444766,5531,0.0945579461218586
700,0.0806586077532305,0.0643564356435644,0.0141725719049604,4798,0.0664860358482701
701,0.171374764595104,0.243667068757539,0.0404896421845574,4248,0.203177426572982
702,0.0227848101265823,0.0657345197021972,0.0112115732368897,5530,0.0545229464653075
703,0.262654790354117,0.185752330226365,0.0141212252878557,4603,0.248533565066261
704,0.123622336517267,0.178439349112426,0.00808229243203527,5444,0.170357056680391
705,0.00721761097076868,0.031577047997113,0.0261638397690365,5542,0.0243594370263443
706,0.0692279811525915,0.0828025477707006,0.0126857557085901,5518,0.0701167920621106
707,0.0743413929989174,0.072356549981956,0.00757849151930711,5542,0.0667629014796103
708,0.0896950009023642,0.0416894229018751,0.0117307345244541,5541,0.0779642663779101
709,0.338023088023088,0.00721500721500722,0.0326479076479076,5544,0.330808080808081
710,0.0382043935052531,0.0179087232813403,0.051766953199618,5235,0.0338582299182777
723,0.0590766823161189,0.177460379573469,0.0256259780907668,5112,0.151834401482702
724,0.104767628205128,0.284271284271284,0.0568910256410256,4992,0.227380258630259
725,0.104617604617605,0.143682310469314,0.00847763347763348,5544,0.135204676991681
726,0.264465808089969,0.242556281771968,0.0986758570651188,5513,0.16578995102485
727,0.0280148423005566,0.0807605421686747,0.0246753246753247,5390,0.05608521749335
728,0.343867924528302,0.181102362204724,0.136320754716981,2120,0.207547169811321
729,0.107890800299177,0.0868827742178666,0.0226252804786836,5348,0.0852655198204936
730,0.0934731513288736,0.0865070729053319,0.0103055505333574,5531,0.0831676007955162
731,0.151372832369942,0.0846321130844509,0.0532875722543353,5536,0.0980852601156069
732,0.15427643450018,0.101046553590761,0.0286900036088055,5542,0.125586430891375
733,0.320195263062737,0.208340888485947,0.031639848128729,5531,0.288555414934008
734,0.0467171717171717,0.0387806637806638,0.0124458874458874,5544,0.0342712842712843
735,0.263738250180766,0.0289642529789184,0.0186189443239335,5532,0.245119305856833
736,0.120210641002361,0.00455207574654042,0.0501180315961504,5507,0.11565856525582
737,0.0708913125235051,0.0483446200150489,0.0157954118089507,5318,0.0550959007145543
750,0.0273947750362845,0.279912584228738,0.0177793904208999,5512,0.262133193807838
751,0.0689466981990177,0.172925444220553,0.026559941786429,5497,0.146365502434124
752,0.184341113765852,0.344386809929604,0.0286712001470318,5441,0.315715609782572
753,0.0747428571428571,0.17123935666982,0.0861714285714286,4375,0.0964964995269631
754,0.206533575317604,0.226672171758877,0.041016333938294,2755,0.185655837820583
755,0.061010101010101,0.0685332218972002,0.08,2475,0.018989898989899
756,0.173292752520449,0.0561733128834356,0.0532623169107856,5257,0.120030435609663
757,0.0657870956081692,0.0683218557448351,0.0173504427977589,5533,0.0509714129470762
758,0.172239291523586,0.152606806661839,0.0401228989698175,5533,0.132116392553768
759,0.140205806688717,0.190018484288355,0.0135979419331128,5442,0.176420542355242
760,0.185480943738657,0.167669035903044,0.0166969147005445,5510,0.168784029038113
761,0.171959581378564,0.0994225911223385,0.0111872970046914,5542,0.160772284373872
762,0.279179524414594,0.0284237726098191,0.0134325648938101,5509,0.265746959520784
763,0.0680628272251309,0.0242095754290876,0.00722152012998736,5539,0.0608413070951435
764,0.15586262954684,0.0519242516799023,0.00894127209916684,4921,0.146921357447673
776,0.151091924834942,0.293360782295419,0.0147282884713052,3938,0.278632493824114
777,0.0851409978308026,0.307203774269643,0.0204266088214027,5532,0.28677716544824
778,0.0578139114724481,0.12278160086925,0.0536585365853659,5535,0.0691230642838844
779,0.383654937570942,0.389021479713604,0.0374574347332577,4405,0.351564044980346
780,0.392579293836026,0.191973244147157,0.0694195092758827,1671,0.323159784560144
781,0.296624552140298,0.246648793565684,0.0422402413728078,5303,0.25438431076749
782,0.163965681601525,0.0747068676716918,0.110581506196378,3147,0.0892588139298335
783,0.025009127418766,0.0383697448136589,0.00803212851405622,5478,0.0303376162996027
784,0.171375807940905,0.101717058603957,0.0197599261311173,5415,0.151615881809788
785,0.16669954626159,0.216791725816264,0.00473466166896824,5069,0.212057064147296
786,0.251181388585969,0.301624977177287,0.0161759360232643,5502,0.285449041154023
787,0.214630380235476,0.162623714341161,0.00675545261532523,5181,0.207874927620151
788,0.208949837603753,0.062432334897149,0.00739805124503789,5542,0.201551786358715
789,0.18786231884058,0.0522140221402214,0.0108695652173913,5520,0.176992753623188
790,0.146103896103896,0.0487012987012987,0.00559163059163059,5544,0.140512265512266
791,0.0953026196928636,0.0149051490514905,0.00790424570912376,4428,0.0873983739837398
803,0.053652347290194,0.417394468704512,0.0101504440819286,5517,0.407244024622584
804,0.3096657633243,0.245471014492754,0.0256549232158988,5535,0.284010840108401
805,0.074995460323225,0.100838803792852,0.0241510804430725,5507,0.0766877233497795
806,0.408674698795181,0.269398907103825,0.0313253012048193,2075,0.377349397590361
807,0.0908770693906305,0.143509706889989,0.0376893272278971,2839,0.105820379662091
808,0.180546858693383,0.217345431525638,0.0196201210603214,4791,0.197725310465317
809,0.167027417027417,0.0291139240506329,0.0355339105339105,5544,0.137913492976784
810,0.103354978354978,0.0232683982683983,0.00487012987012987,5544,0.0984848484848485
811,0.0936099976420656,0.109871031746032,0.0139118132515916,4241,0.0959592184944401
812,0.413218601244965,0.203543089130836,0.0151958989381179,5462,0.398022702306847
813,0.289844329132691,0.256015037593985,0.0118606375092661,5396,0.277983691623425
814,0.0958333333333333,0.0714285714285714,0.0071969696969697,5280,0.0886363636363636
815,0.1002886002886,0.132756132756133,0.0113636363636364,5544,0.121392496392496
816,0.326373626373626,0.0682153392330384,0.00641025641025641,5460,0.31996336996337
817,0.107722843738722,0.0451834447858305,0.00631540959942259,5542,0.1014074341393
818,0.0504658385093168,0.020703933747412,0.00543478260869565,3864,0.0450310559006211
829,0.0340080971659919,0.268233387358185,0.0097165991902834,2470,0.258516788167901
830,0.197676874340021,0.364217252396166,0.0232312565997888,4735,0.340985995796377
831,0.0990566037735849,0.160688140556369,0.0272133526850508,5512,0.133474787871318
832,0.263668430335097,0.31765253842571,0.0132275132275132,4536,0.304425025198197
833,0.164513577643027,0.0999716794109317,0.0255734247297654,3793,0.138940152913261
834,0.132537559168553,0.150705114712692,0.0454826095904507,4859,0.105222505122241
835,0.126141431301763,0.085934065934066,0.0603100445954555,4709,0.0658313867063071
836,0.00740072202166065,0.0307580966166094,0.0146209386281588,5540,0.0233573745949487
837,0.0852882342244044,0.0317344519423673,0.0174577195853792,5499,0.0678305146390253
838,0.259303482587065,0.235672757475083,0.00776119402985075,5025,0.251542288557214
839,0.352657935285054,0.246470588235294,0.0219568567026194,5192,0.330701078582434
840,0.0613004308656483,0.103237268061587,0.0115550332941637,5106,0.0916822347674233
841,0.11827761627907,0.110140178408884,0.020530523255814,5504,0.0977470930232558
842,0.276630434782609,0.0985248588599526,0.00996376811594203,5520,0.266666666666667
843,0.130277878022375,0.0769650655021834,0.00270660411403825,5542,0.127571273908336
844,0.0683868639480332,0.032479249368459,0.00162396246842295,5542,0.0667629014796103
845,0.156743620899149,0.0276427703523694,0.00243013365735115,3292,0.154313487241798
856,0.103399433427762,0.281869688385269,0.0084985835694051,706,0.273371104815864
857,0.300094966761633,0.298272850766544,0.00835707502374169,5265,0.291737891737892
858,0.104796380090498,0.197706171490989,0.0240723981900453,5525,0.173633773300943
859,0.141779788838612,0.20854467420991,0.0431749622926094,5304,0.165369711917301
860,0.0290697674418605,0.04163623082542,0.0274345930232558,5504,0.0142016378021642
861,0.231902985074627,0.213105520090124,0.0466417910447761,5360,0.185261194029851
862,0.0197874679369732,0.0358065706902916,0.0108098204470502,5458,0.0249967502432414
863,0.0153172866520788,0.0236263736263736,0.050510576221736,5484,0.0351932895696572
864,0.220048899755501,0.0473664266767715,0.0490878314839195,5317,0.17268247307873
865,0.340598739495798,0.248091603053435,0.0275735294117647,3808,0.313025210084034
866,0.122358993202278,0.128499907287224,0.024618776410068,5443,0.103881130877156
867,0.100144352219415,0.0804763623240707,0.00649584987369181,5542,0.0936485023457235
868,0.155663780663781,0.0573593073593074,0.0138888888888889,5544,0.141774891774892
869,0.522493224932249,0.164189923885466,0.00813008130081301,5535,0.514363143631436
870,0.254059906171057,0.198979591836735,0.00396968603392277,5542,0.250090220137135
871,0.0501443001443001,0.00956333453626849,0.00216450216450216,5544,0.047979797979798
872,0.203154337213669,0.0489749430523918,0.00976342470897484,2663,0.193390912504694
883,0.266321243523316,0.16978516978517,0.00379965457685665,2895,0.262521588946459
884,0.416163832510514,0.284916201117318,0.0369354543792284,5469,0.379228378131285
885,0.137998056365403,0.353293413173653,0.0456754130223518,5145,0.307618000151301
886,0.0480151228733459,0.0563327032136106,0.0809073724007561,5290,0.0328922495274102
887,0.0588778146917682,0.15542413601922,0.0398671096345515,5418,0.115557026384669
888,0.0326637882485452,0.100668576886342,0.00994931481133846,5327,0.0907192620750035
889,0.0146553283879139,0.0126949582879942,0.0195404378505518,5527,0.00684547956255764
890,0.127529123237278,0.0378445084327437,0.04128346617617,4893,0.089684614804534
891,0.174531095755183,0.0688755020080321,0.0323790720631787,5065,0.142152023692004
892,0.10363537710255,0.0826536160957042,0.0191716404413095,5529,0.0844637366612407
893,0.0997474747474748,0.109848484848485,0.00523088023088023,5544,0.104617604617605
894,0.127751714182606,0.0862504511006857,0.00992421508480693,5542,0.117827499097799
895,0.31735118509137,0.0989309657546657,0.0195404378505518,5527,0.297810747240818
896,0.313721940622737,0.124242980363369,0.00995655322230268,5524,0.303765387400435
897,0.351292713794974,0.103134110787172,0.0108479479298499,5531,0.340444765865124
898,0.113677372789607,0.0241789967520751,0.00667629014796103,5542,0.107001082641646
899,0.297773654916512,0.0844155844155844,0.00185528756957328,2156,0.295918367346939
910,0.345289855072464,0.203420669577875,0.0036231884057971,5520,0.341666666666667
911,0.238103919781222,0.349908256880734,0.0428441203281677,5485,0.307064136552566
912,0.147801869902526,0.263053009166999,0.136463099263975,5027,0.126589909903024
913,0.0164003364171573,0.0693344746415579,0.0105130361648444,4756,0.0588214384767135
914,0.10811913504692,0.270083682008368,0.0148918808649531,4902,0.255191801143415
915,0.152276867030965,0.0416819012797075,0.0216757741347905,5490,0.130601092896175
916,0.253623188405797,0.075098814229249,0.140679660169915,4002,0.178524374176548
917,0.258469259723965,0.0430887372013652,0.0667084901714764,4782,0.2153805225226
918,0.258057764755128,0.0980101608806097,0.024905818334031,4778,0.233151946421097
919,0.0804640718562874,0.042849088517196,0.00879491017964072,5344,0.0716691616766467
920,0.202604651162791,0.152683295540438,0.0128372093023256,5375,0.189767441860465
921,0.158577878103837,0.0879709313444253,0.0146726862302483,5316,0.143905191873589
922,0.515156983038614,0.144378271070204,0.0207506315409599,5542,0.494406351497654
923,0.405645015379048,0.1480044345898,0.00542789940293107,5527,0.400217115976117
924,0.446428571428571,0.158008658008658,0.00703463203463204,5544,0.439393939393939
925,0.0736196319018405,0.0158873442859722,0.0010826416456153,5542,0.0725369902562252
926,0.474842767295598,0.0207547169811321,0.00314465408805031,1590,0.471698113207547
936,0.574523965856862,0.234976367319379,0.0157583716349311,1523,0.55876559422193
937,0.400979431929481,0.303488606573906,0.0207639569049951,5105,0.380215475024486
938,0.402117384843982,0.38670182708608,0.0603640416047548,5384,0.341753343239227
939,0.074835207444746,0.141539065567334,0.0721209771229159,5158,0.0694180884444183
940,0.0285662628819382,0.0997465604634323,0.00560477309708913,5531,0.0941417873663432
941,0.085010060362173,0.242728442728443,0.0211267605633803,3976,0.221601682165062
942,0.105051520482533,0.0482968988307067,0.0583061070620759,3979,0.0567546216518266
943,0.274956970740103,0.0763175158539252,0.0654044750430293,4648,0.209552495697074
944,0.208293384467881,0.0507975460122699,0.074784276126558,4172,0.157495838455611
945,0.270628814009021,0.0905125408942203,0.00689838153356328,3769,0.263730432475458
946,0.0525081198123421,0.0979223125564589,0.0021652832912306,5542,0.0957570292652283
947,0.132379248658318,0.051794453507341,0.00636056450009938,5031,0.126018684158219
948,0.354885316958642,0.0697462114296148,0.0137258443200289,5537,0.341159472638613
949,0.288239538239538,0.192640692640693,0.0340909090909091,5544,0.254148629148629
950,0.290088784200036,0.146017699115044,0.0157637253125566,5519,0.27432505888748
951,0.174846625766871,0.032479249368459,0.00721761097076868,5542,0.167629014796102
952,0.173944424395525,0.0187657885239986,0.00252616383976904,5542,0.171418260555756
953,0.190615835777126,0.0742913000977517,0,1023,0.190615835777126
963,0.360097323600973,0.18937048503612,0.0048661800486618,4110,0.355231143552311
964,0.351599852887091,0.338378176382661,0.0752114748069143,5438,0.276388378080177
965,0.156092843326886,0.13506695129051,0.148355899419729,5170,0.0210258920363755
966,0.0780626780626781,0.091259145167501,0.0376068376068376,5265,0.0536523075606634
967,0.113936149875741,0.214577259475219,0.0158669470464538,5231,0.198710312428765
968,0.284914637559474,0.0655784650630012,0.0713685978169605,3573,0.219336172496473
969,0.145756097560976,0.0489593657086224,0.0357073170731707,5125,0.110048780487805
970,0.273257023933403,0.0415512465373961,0.0786680541103018,4805,0.231705777396007
971,0.367326732673267,0.0955347871235722,0.0450495049504951,4040,0.322277227722772
972,0.128640220132997,0.0592820028341993,0.00963081861958266,4361,0.119009401513414
973,0.108020231213873,0.0578452639190166,0.00216763005780347,5536,0.105852601156069
974,0.139069264069264,0.068206423673764,0.00270562770562771,5544,0.136363636363636
975,0.630596338589813,0.084872873605268,0.0199383723037883,5517,0.610657966286025
976,0.247203175748827,0.146337062432335,0.0267051605918441,5542,0.220498015156983
977,0.449736411561534,0.103736754043503,0.00654426467914925,5501,0.443192146882385
978,0.237003610108303,0.0964595375722543,0.00685920577617329,5540,0.23014440433213
979,0.176046176046176,0.0183982683982684,0.00288600288600289,5544,0.173160173160173
980,0.366223908918406,0.123339658444023,0.00379506641366224,527,0.362428842504744
989,0.573149741824441,0.253787878787879,0.00172117039586919,581,0.571428571428572
990,0.102293747687754,0.146268095506674,0.00943396226415094,5406,0.136834133242523
991,0.191647080094016,0.157704146297302,0.0282046646176098,5531,0.163442415476406
992,0.0548907882241216,0.122480923498337,0.068945868945869,5265,0.0675901352742154
993,0.442494057414518,0.230372281607077,0.0475406838544524,5469,0.394953373560066
994,0.189245810055866,0.0613162878787879,0.0563314711359404,4296,0.132914338919925
995,0.0546387972130546,0.0116022099447514,0.0346534653465347,5454,0.0430365872683033
996,0.136595125500182,0.0237486298867373,0.0345580210985813,5498,0.112846495613445
997,0.25051999075572,0.106347305389222,0.0281950543101456,4327,0.222324936445574
998,0.229957415293464,0.0326025857223159,0.0122199592668024,5401,0.217737456026662
999,0.194792854427974,0.0830763299922899,0.0115925503610794,5262,0.183200304066895
1000,0.0571995669433418,0.08985925658607,0.00252616383976904,5542,0.087333092746301
1001,0.253911404335533,0.157433847325338,0.00961357210179076,5305,0.244297832233742
1002,0.272054843947321,0.129379562043796,0.0196644416381021,5543,0.252390402309219
1003,0.392998917358354,0.138758570913028,0.00920245398773006,5542,0.383796463370624
1004,0.386951021145852,0.166394779771615,0.00704861738658955,5533,0.379902403759263
1005,0.274449657163479,0.0510645976181884,0.00541320822807651,5542,0.269036448935402
1006,0.199421442777075,0.0448381847767131,0.00216958958596999,5531,0.197251853191105
1016,0.133636363636364,0.150374566051526,0.00418181818181818,5500,0.146192747869707
1017,0.145312201642162,0.134458672875437,0.0183311055948062,5237,0.126981096047355
1018,0.119298245614035,0.201874267864116,0.137621832358674,5130,0.0825760222500805
1019,0.211549139367018,0.0883126644118752,0.0790301684249491,5403,0.132518970942069
1020,0.54967978042086,0.140007457121551,0.0281793229643184,5465,0.521500457456542
1021,0.145740815502624,0.160437745199257,0.0290674202664514,4954,0.131370324932805
1022,0.0858585858585859,0.0173160173160173,0.0122655122655123,5544,0.0735930735930736
1023,0.4567318498539,0.0774566473988439,0.113733423241178,4449,0.379275202455056
1024,0.141703518554124,0.0935490157863964,0.0113439723130167,5201,0.130359546241107
1025,0.142057517853696,0.0717100078802207,0.0102296853889211,5181,0.131827832464775
1026,0.0445142223864056,0.0235971757710888,0.0123753232360547,5414,0.0321388991503509
1027,0.11214069591528,0.172981247608113,0.00548411497730711,5288,0.167497132630806
1028,0.338206099981953,0.0686097031136857,0.0111893160079408,5541,0.327016783974012
1029,0.267200582453586,0.11815668202765,0.0100109210047324,5494,0.257189661448853
1030,0.497560975609756,0.179164386060938,0.00596205962059621,5535,0.49159891598916
1031,0.498917358354385,0.268856008661133,0.0171418260555756,5542,0.481775532298809
1032,0.218073593073593,0.0788239538239538,0.00306637806637807,5544,0.215007215007215
1033,0.31665062560154,0.0209817131857555,0.00769971126082772,5195,0.308950914340712
1041,0.552590266875981,0.36734693877551,0.021978021978022,637,0.530612244897959
1042,0.504464285714286,0.476190476190476,0,224,0.504464285714286
1043,0.0160965794768612,0.0486250838363514,0.0120724346076459,2982,0.0365526492287056
1044,0.1414907056488,0.30232978147011,0.0277928171810143,5541,0.274536964289096
1045,0.257470400300695,0.234589371980676,0.0586355948130051,5321,0.19883480548769
1046,0.641340346775765,0.151673011420557,0.0685758815507501,5133,0.572764465225015
1047,0.655471916618413,0.166105054509415,0.093611271955221,5181,0.561860644663192
1048,0.0577617328519856,0.0175121863152194,0.00938628158844765,5540,0.0483754512635379
1049,0.2223090447353,0.0598647573587908,0.0283258448915804,5119,0.193983199843719
1050,0.282118217415626,0.13583760197306,0.0432593697557337,5363,0.238858847659892
1051,0.201269265639166,0.153214024835646,0.00870353581142339,5515,0.192565729827743
1052,0.237664635344997,0.207896857373086,0.00471790839394535,5087,0.232946726951052
1053,0.0769230769230769,0.0691127936323044,0.00650593187906621,5226,0.0704171450440107
1054,0.157248600830475,0.109104046242775,0.00613829211048926,5539,0.151110308719986
1055,0.164712249684287,0.145976181883796,0.00613386252931626,5543,0.15857838715497
1056,0.424756405629737,0.191086250451101,0.00793937206784554,5542,0.416817033561891
1057,0.627751714182606,0.280164363093015,0.00685673042223024,5542,0.620894983760375
1058,0.305846264886323,0.17542908762421,0.00487188740526886,5542,0.300974377481054
1059,0.222282510399711,0.090331942680936,0.00651112316874661,5529,0.215771387230964
1068,0.325730577334284,0.11023996198622,0.00974103112378237,4209,0.315989546210501
1069,0.174006908462867,0.186960276338515,0.00172711571675302,2316,0.185233160621762
1070,0.281907704189998,0.221577726218097,0.0098474608997876,5179,0.27206024329021
1071,0.212318570896911,0.292449286250939,0.0277260885746185,5374,0.264723197676321
1072,0.432592592592593,0.208012036862893,0.0766666666666667,5400,0.355925925925926
1073,0.684118333982094,0.257801629894653,0.0568314519268198,5138,0.627286882055274
1074,0.333333333333333,0.132311186825667,0.112544400822584,5349,0.22078893251075
1075,0.244382581030026,0.0901139137510171,0.0367866375024856,5029,0.20759594352754
1076,0.497101178230784,0.0531995456266566,0.0768655320740602,5347,0.443901632604127
1077,0.236350311469403,0.143441099962839,0.0170392085012825,5458,0.21931110296812
1078,0.234504322236528,0.193097014925373,0.00294279933787015,5437,0.231561522898657
1079,0.177717810331534,0.15960396039604,0.00558982266769468,5188,0.17212798766384
1080,0.0503246753246753,0.113656864513801,0.00649350649350649,5544,0.107163358020295
1081,0.269397329483941,0.20824295010846,0.00541320822807651,5542,0.263984121255864
1082,0.295831057709813,0.117009551800147,0.00455124704168942,5493,0.291279810668123
1083,0.52994227994228,0.177867056245435,0.00523088023088023,5544,0.5247113997114
1084,0.578244972577697,0.196320147194112,0.00749542961608775,5470,0.570749542961609
1085,0.490207373271889,0.268368136117556,0.0115207373271889,5208,0.4786866359447
1086,0.386787426744806,0.024513722355449,0.0255727224294086,3754,0.362273704389357
1094,0.362653208363374,0.247296322999279,0.00829127613554434,2774,0.35436193222783
1096,0.26105527638191,0.148743718592965,0.00653266331658292,3980,0.254522613065327
1097,0.233242999096658,0.435002711986983,0.0204155374887082,5535,0.414587174498274
1098,0.210191082802548,0.255639097744361,0.0265696087352138,5495,0.229069489009147
1099,0.584216965742251,0.168194414836922,0.0548531810766721,4904,0.529363784665579
1100,0.68859649122807,0.145993619816101,0.0681652046783626,5472,0.620431286549708
1101,0.273268801191363,0.0663065747811511,0.0772524199553239,5372,0.206962226410212
1102,0.549720267099802,0.0386281588447653,0.0624436022378632,5541,0.511092108255036
1103,0.160191493279322,0.0219290094777922,0.0778862088013257,5431,0.13826248380153
1104,0.380003758691975,0.228300094966762,0.0197331328697613,5321,0.360270625822214
1105,0.139568871026672,0.19966844722785,0.0137011326269638,5474,0.185967314600887
1106,0.0808099233856257,0.0620269521875577,0.00492520977745348,5482,0.0758847136081722
1107,0.22573078311079,0.279862865391555,0.0176831468783833,5542,0.262179718513172
1108,0.27870036101083,0.320137382501808,0.00649819494584838,5540,0.313639187555959
1109,0.4148455842514,0.0938469965309476,0.00288965143579556,5537,0.411955932815604
1110,0.667087693973295,0.271995507300637,0.00144352219415374,5542,0.665644171779141
1111,0.365847414234511,0.288952579468473,0.010752688172043,3906,0.355094726062468
1112,0.598690364826941,0.285714285714286,0.038821328344247,2138,0.559869036482694
1121,0.257121986851717,0.164012447373238,0.0109569028487947,5476,0.246165084002922
1122,0.247660187185025,0.281024531024531,0.0143988480921526,2778,0.266625682932378
1123,0.131563872446057,0.127906976744186,0.00496467443192668,5237,0.12659919801413
1124,0.251584857815613,0.325522252497729,0.0139467487773954,5521,0.311575503720334
1125,0.365573770491803,0.201949512621845,0.0946135831381733,4270,0.27096018735363
1126,0.52890625,0.188532952458682,0.050390625,5120,0.478515625
1127,0.211135213304411,0.0538684020245842,0.211135213304411,2766,0.157266811279826
1128,0.490429758035392,0.0694017711910356,0.0462260743950885,5538,0.444203683640303
1129,0.639695210449927,0.039140724558529,0.178701015965167,5512,0.600554485891398
1130,0.147535019101328,0.106737458806298,0.0718573767509551,5497,0.0756776423503729
1131,0.0985239852398524,0.193452380952381,0.00276752767527675,5420,0.190684853277104
1132,0.298762736535662,0.269485294117647,0.00855167394468704,5496,0.290211062590975
1133,0.178571428571429,0.111291486291486,0.0131673881673882,5544,0.16540404040404
1134,0.529411764705882,0.318837964633706,0.0119090581017683,5542,0.517502706604114
1135,0.26387131754925,0.106340579710145,0.010663292969456,5533,0.253208024579794
1136,0.57972582972583,0.2754329004329,0.00144300144300144,5544,0.578282828282828
1137,0.554412560909583,0.225958062183659,0.00216567406605306,5541,0.55224688684353
1147,0.287055667337358,0.110663983903421,0.0127431254191818,1491,0.274312541918176
1148,0.18961038961039,0.103896103896104,0.0346320346320346,1155,0.154978354978355
1149,0.18266593527153,0.207611474013064,0.00383982446516731,3646,0.203771649547897
1150,0.17052546808939,0.140708693860733,0.0118783974229917,4967,0.158647070666398
1151,0.177777777777778,0.126466447677147,0.0522222222222222,4500,0.125555555555556
1152,0.237926136363636,0.174563591022444,0.0532670454545455,4224,0.184659090909091
1153,0.24455205811138,0.164971521562246,0.0494350282485876,4956,0.195117029862793
1154,0.154556908861823,0.0410114747131322,0.191936161276774,4762,0.150924686563642
1155,0.703931871715891,0.137949836423119,0.138430875158543,5519,0.565982035292772
1156,0.269654798481836,0.052831554188529,0.099945779866257,5533,0.216823244293307
1157,0.12940507768094,0.115222392638037,0.117089806744979,5278,0.0141826850429029
1158,0.16260162601626,0.124697110904007,0.00480413895048041,5412,0.15779748706578
1159,0.0861632947976879,0.086681143684401,0.0178829479768786,5536,0.0687981957075224
1160,0.227354745579213,0.167989895344641,0.0137134608444605,5542,0.213641284734753
1161,0.417488134355604,0.243561442236939,0.00894487039065352,5478,0.408543263964951
1162,0.516146589259797,0.257418532677954,0.00489840348330914,5512,0.511248185776488
1163,0.562894784334958,0.152906330988523,0.0036094567767551,5541,0.559285327558203
1164,0.556270096463023,0.448275862068966,0,311,0.556270096463023
1174,0.190427698574338,0.0845953002610966,0.0203665987780041,3928,0.170061099796334
1175,0.203453453453453,0.155984555984556,0.0157657657657658,1332,0.187687687687688
1176,0.386276391554703,0.269607843137255,0.00551823416506718,4168,0.380758157389635
1177,0.124263839811543,0.111768184506209,0.00765606595995289,5094,0.11660777385159
1178,0.214137214137214,0.313845165435271,0.057024057024057,3367,0.256821108411214
1179,0.485927627800115,0.13186595280587,0.0363775607888187,5223,0.449550067011296
1180,0.202898550724638,0.107458912768647,0.261499684940139,3174,0.154040772171491
1181,0.34727718108159,0.171428571428571,0.0808366308648954,5307,0.266440550216695
1182,0.774614472123369,0.125462772521596,0.234480031633057,5058,0.649151699601773
1183,0.109766454352442,0.091324200913242,0.0834394904458599,4710,0.0263269639065818
1184,0.311259473114399,0.487998556217289,0.00775893179357633,5542,0.480239624423713
1185,0.134239130434783,0.197564521992003,0.00543478260869565,5520,0.192129739383307
1186,0.0881607530774801,0.0459165154264973,0.0114047791455467,5524,0.0767559739319334
1187,0.454348610609888,0.230602670516059,0.0032479249368459,5542,0.451100685673042
1188,0.492818504010446,0.23180439727066,0.00279798545047566,5361,0.49002051855997
1189,0.417558498095411,0.363171355498721,0.00399056774895701,5513,0.413567930346454
1190,0.425701839303001,0.0883825738607912,0.00605033881897386,4132,0.419651500484027
1202,0.391107078039927,0.203565581226123,0.00490018148820327,5510,0.386206896551724
1203,0.540050377833753,0.28397673188789,0.0236775818639799,1985,0.516372795969773
1204,0.16358024691358,0.184131736526946,0.0336700336700337,3564,0.150461702856912
1205,0.382867132867133,0.173628428927681,0.0696386946386946,3432,0.313228438228438
1206,0.503066378066378,0.184776713071777,0.0292207792207792,5544,0.473845598845599
1207,0.296419959191245,0.089239332096475,0.0617696160267112,5391,0.234650343164533
1208,0.445416666666667,0.236908783783784,0.0547916666666667,4800,0.390625
1209,0.431871574001566,0.108700020092425,0.0644087705559906,5108,0.367462803445576
1210,0.117817654522385,0.0704685797312023,0.080116005075222,5517,0.047349074791183
1211,0.162518037518038,0.136904761904762,0.0102813852813853,5544,0.152236652236652
1212,0.150702662721894,0.216241385732911,0.00869082840236686,5408,0.207550557330544
1213,0.0931071815229159,0.102129195236377,0.00757849151930711,5542,0.0945507037170696
1214,0.449338408555374,0.153539019963702,0.00435019032082654,5517,0.444988218234548
1215,0.669377194603585,0.422068190333458,0.0068379227499538,5411,0.662539271853632
1216,0.661059866160246,0.401704751541531,0.00687285223367698,5529,0.654187013926569
1217,0.0904645476772616,0.189349112426036,0.00488997555012225,409,0.184459136875913
1228,0.524904214559387,0.0366795366795367,0,522,0.524904214559387
1229,0.431960279514527,0.179435111685435,0.00606840750275837,5438,0.425891872011769
1230,0.208840775823184,0.110706978858832,0.01127649977447,4434,0.197564276048714
1231,0.198680636398913,0.0904771332409424,0.0430733410942957,5154,0.155607295304618
1232,0.394261424017003,0.153063481530635,0.0639744952178534,4705,0.33028692879915
1233,0.374718256949662,0.411453411453411,0.0208489857250188,5324,0.390604425728393
1234,0.424807903402854,0.27414616232097,0.0367727771679473,5466,0.388035126234907
1235,0.286198137171888,0.0646853146853147,0.0508044030482642,1181,0.235393734123624
1236,0.213496448303078,0.0764563106796117,0.0947119179163378,5068,0.137040137623466
1237,0.0671237820281487,0.101768314687838,0.076506676290148,5542,0.0346445326596896
1238,0.134461426491994,0.237571087873785,0.00982532751091703,5496,0.227745760362868
1239,0.0763981042654029,0.109620544269835,0.00909952606635071,5275,0.100521018203484
1240,0.2000407000407,0.210624224886317,0.049043549043549,4914,0.161580675842768
1241,0.284115523465704,0.190106517421917,0.00523465703971119,5540,0.278880866425993
1242,0.574675324675325,0.271743053049441,0.00414862914862915,5544,0.570526695526696
1243,0.643231519971083,0.30891950688905,0.00506054581601301,5533,0.63817097415507
1255,0.218557520365587,0.0734146829365873,0.017484601629247,5033,0.20107291873634
1256,0.197761194029851,0.176985616010006,0.0354477611940299,1608,0.162313432835821
1257,0.247420147420147,0.141386238071321,0.0223587223587224,4070,0.225061425061425
1258,0.208752093802345,0.150776531492666,0.0475293132328308,4776,0.161222780569514
1259,0.0564574314574315,0.171872179093699,0.00414862914862915,5544,0.16772354994507
1260,0.488985193210545,0.325921908893709,0.0220296135789094,5538,0.466955579631636
1261,0.134191940174491,0.136507267748051,0.0174491067719152,4814,0.119058160976136
1262,0.397803891350414,0.141760189013585,0.0312078597572722,5191,0.366596031593142
1263,0.167750090285302,0.0513191181785327,0.0395449620801734,5538,0.128205128205128
1264,0.22220186847408,0.270200625805264,0.00311412346583623,5459,0.267086502339428
1265,0.26488632262721,0.322988090941898,0.0193071093468062,5542,0.303680981595092
1266,0.227988010490821,0.248768472906404,0.00337204945672537,5338,0.245396423449679
1267,0.302445548337791,0.156649864288484,0.0149025601834161,5234,0.287542988154375
1268,0.359507870454134,0.303600506603944,0.00289487968156324,5527,0.356612990772571
1269,0.481344902386117,0.327936994093196,0.0086767895878525,4610,0.472668112798265
1270,0.424774056353004,0.174533479692645,0.00372142477405635,1881,0.421052631578947
1279,0.0936555891238671,0.0317220543806647,0.0120845921450151,662,0.081570996978852
1281,0.0647058823529412,0.167226890756303,0.00672268907563025,1190,0.160504201680672
1282,0.140859140859141,0.0100401606425703,0.00999000999000999,1001,0.130869130869131
1283,0.414489311163895,0.308769792935445,0.0213776722090261,1684,0.393111638954869
1284,0.411177644710579,0.110445775116434,0.0452428476380572,3006,0.365934797072522
1285,0.109123757904246,0.0769509324642405,0.0204155374887082,5535,0.0887082204155375
1286,0.585603463828252,0.279552427359682,0.0357207288471947,5543,0.549882734981057
1287,0.123558484349259,0.0585951940850277,0.023796448837635,5463,0.0997620355116236
1288,0.138555329761685,0.0450903670579467,0.0182893035285424,5413,0.120266026233142
1289,0.266612641815235,0.179438860971524,0.0395056726094003,4936,0.227106969205835
1290,0.0894899255763296,0.133527909522072,0.0500998366309675,5509,0.0834280728911047
1291,0.205521472392638,0.148502345723566,0.0178635871526525,5542,0.187657885239986
1292,0.302669552669553,0.351731601731602,0.00811688311688312,5544,0.343614718614719
1293,0.202166064981949,0.178255372945638,0.00270758122743682,5540,0.199458483754513
1294,0.196679898953446,0.0956333453626849,0.053229880909419,5542,0.143450018044027
1295,0.629147690305791,0.190631099544567,0.00585556278464541,1537,0.623292127521145
1296,0.697810218978102,0.369117647058824,0.00802919708029197,1370,0.68978102189781
1305,0.171328671328671,0,0.0244755244755245,286,0.171328671328671
1308,0.121641426477772,0.0431161195492406,0.00390815828041036,2047,0.117733268197362
1309,0.219512195121951,0.172949002217295,0.00665188470066519,902,0.212860310421286
1310,0.354001059883413,0.173019735063531,0.0238473767885533,3774,0.33015368309486
1311,0.166275924256087,0.0890981528431728,0.0445446348061317,5545,0.121731289449955
1312,0.283549783549784,0.248732802317161,0.016955266955267,5544,0.266594516594517
1313,0.359934557353209,0.198608822991031,0.0116342483184875,5501,0.348300309034721
1314,0.284751320823465,0.0837609970674487,0.0138458735653124,5489,0.270905447258153
1315,0.155364978061428,0.131859131859132,0.0233346629437575,5014,0.132030315117671
1316,0.186496350364964,0.0784061696658098,0.0425182481751825,5480,0.143978102189781
1317,0.0865800865800866,0.079032840129917,0.0431096681096681,5544,0.0434704184704185
1318,0.147780584626489,0.35474557921328,0.00306748466257669,5542,0.351678094550704
1319,0.145953757225434,0.113784370477569,0.00812861271676301,5536,0.137825144508671
1320,0.21783071647717,0.18193315266486,0.0129940443963184,5541,0.204836672080852
1321,0.254854368932039,0.198153569015987,0.013459841129744,4532,0.241394527802295
1335,0.0978179082016554,0.0131677953348382,0.0206922498118886,2658,0.0846501128668172
1336,0.387736069013756,0.154349859681946,0.0125903474003264,4289,0.37514572161343
1337,0.179334916864608,0.0869300911854104,0.047209026128266,3368,0.132125890736342
1338,0.139270231213873,0.106521739130435,0.0339595375722543,5536,0.105310693641618
1339,0.234866828087167,0.375272727272727,0.0159806295399516,4130,0.359292097732776
1340,0.156605593056895,0.167927089393058,0.00366441658630665,5185,0.164262672806751
1341,0.258729871539714,0.152674524025385,0.0189976479102587,5527,0.239732223629455
1342,0.116048475945648,0.0611111111111111,0.0576569959603379,5446,0.0583914799853103
1343,0.154637315048719,0.0633688391406391,0.0337423312883436,5542,0.120894983760375
1344,0.145641580942068,0.109186067496842,0.0425915899657102,5541,0.103049990976358
1345,0.0856782106782107,0.0485209235209235,0.00847763347763348,5544,0.0772005772005772
1346,0.141855746172293,0.0497586334942443,0.0761852056816086,5421,0.0920971126780486
1347,0.29352572621986,0.222371967654987,0.0100626542623885,5267,0.283463071957471
1348,0.386352715040846,0.156188605108055,0.00144161460836136,2081,0.384911100432484
1358,0.147727272727273,0.00227272727272727,0.05,880,0.145454545454545
1359,0.0343065693430657,0.00693430656934307,0.00839416058394161,2740,0.0273722627737226
1361,0.0860058309037901,0.0087463556851312,0.0364431486880466,686,0.0772594752186589
1362,0.0633717404487568,0.112189205579139,0.0187992722862341,3298,0.0933899332929048
1363,0.659836065573771,0.0245901639344262,0.0737704918032787,244,0.635245901639344
1364,0.144159791576205,0.0622822299651568,0.0386452453321754,2303,0.10551454624403
1365,0.106455266138165,0.149829738933031,0.024160060400151,2649,0.12566967853288
1366,0.229545454545455,0.239772727272727,0.00795454545454545,880,0.231818181818182
1367,0.385289634146342,0.118719689621726,0.0131478658536585,5248,0.372141768292683
1368,0.166154957558245,0.0826550913365889,0.0316055625790139,5537,0.134549394979231
1369,0.0376021798365123,0.0743650648638772,0.0613987284287012,5505,0.036762885027365
1370,0.0779220779220779,0.0532106782106782,0.0591630591630592,5544,0.0247113997113997
1371,0.179177192349332,0.101046553590761,0.0409599422591122,5542,0.13821725009022
1372,0.17655983311208,0.10463779225757,0.0333775839180732,5273,0.143182249194007
1373,0.0972222222222222,0.0666666666666667,0.0331890331890332,5544,0.064033189033189
1374,0.223204619271021,0.217250090220137,0.00288704438830747,5542,0.220317574882714
1375,0.559026182820395,0.281163434903047,0.00505282498851631,2177,0.553973357831879
1384,0.0733333333333333,0.00468227424749164,0.007,3000,0.0686510590858417
1385,0.148238647933211,0.027896558745673,0.0321726735899002,4911,0.120342089187538
1386,0.12125,0.064375,0.0125,1600,0.10875
1390,0.217215661901802,0.0590428837787446,0.0220633934120572,3218,0.195152268489745
1391,0.0564669973292636,0.0927874497799885,0.0236550934757726,5242,0.0691323563042159
1393,0.156514830508475,0.118208322289955,0.0169491525423729,3776,0.139565677966102
1394,0.363401586423169,0.185136897001304,0.00793211584578491,5421,0.355469470577384
1395,0.0601956358164033,0.0911170415554708,0.0237020316027088,5316,0.067415009952762
1396,0.128293035005413,0.0395735453559812,0.0678455431252255,5542,0.088719489649432
1397,0.188245137000627,0.154570173603849,0.075507216063585,4781,0.112737920937042
1398,0.0797849462365591,0.0591397849462366,0.0913978494623656,4650,0.032258064516129
1399,0.209664998074702,0.138522167487685,0.0394686176357335,5194,0.170196380438968
1400,0.157419121633833,0.152591518666183,0.0184348454726188,5533,0.138984276161215
1401,0.383021390374332,0.106767261088249,0.0127005347593583,4488,0.370320855614973
1402,0.137931034482759,0.0507482108002603,0.00455432661027977,1537,0.133376707872479
1408,0.34375,0.23448275862069,0.046875,320,0.296875
1410,0.0849056603773585,0,0,424,0.0849056603773585
1411,0.147005772005772,0.00921076395159834,0.0138888888888889,5544,0.137795008054174
1412,0.255415162454874,0.0413506681112315,0.00667870036101083,5540,0.248736462093863
1416,0.243435858964741,0.122175411719648,0.0393848462115529,2666,0.204051012753188
1417,0.200564971751412,0.166412546286212,0.0254237288135593,4602,0.175141242937853
1418,0.107009095773141,0.170679507758159,0.0219368646334938,1869,0.148742643124666
1420,0.204014478446858,0.202141900937082,0.0286278381046397,3039,0.175386640342218
1421,0.178274990977986,0.104474918801877,0.00451100685673042,5542,0.173763984121256
1422,0.11147303655447,0.0567234505255527,0.0361925443358668,5526,0.075280492218603
1423,0.131409039118876,0.0982108869432813,0.0535510824154956,2633,0.0778579567033802
1424,0.10337972166998,0.0536779324055666,0.0159045725646123,1509,0.0874751491053678
1425,0.238775510204082,0.0928571428571429,0.0285714285714286,2940,0.210204081632653
1426,0.156746031746032,0.245310245310245,0.029040404040404,5544,0.216269841269841
1427,0.117668290922216,0.107961725943311,0.0259880887926367,5541,0.0916802021295795
1428,0.247789566755084,0.0230219043361645,0.0537135278514589,4524,0.224767662418919
1434,0.0245398773006135,0.00920245398773006,0.0613496932515337,326,0.0521472392638037
1437,0.356817732040372,0.0646380270485282,0.0170195923213932,5053,0.339798139718979
1438,0.277417027417027,0.0234614690489081,0.00703463203463204,5544,0.270382395382395
1439,0.324334319526627,0.0725291243893273,0.0318047337278107,2704,0.292529585798817
1440,0.140562248995984,0.0901639344262295,0.0281124497991968,249,0.112449799196787
1442,0.245125348189415,0.200581395348837,0.00278551532033426,359,0.242339832869081
1443,0.170590365809489,0.100489751496463,0.00941687794277436,5522,0.161173487866715
1444,0.122076965568035,0.0919732441471572,0.0204382250046032,5431,0.101638740563432
1447,0.217271220769656,0.26063533345718,0.00423494752347634,5431,0.256400385933704
1448,0.0364818493769189,0.0318321577138723,0.0207693696947806,5537,0.0157124796821383
1449,0.135869565217391,0.012699564586357,0.0614130434782609,5520,0.123170000631034
1452,0.20967159870083,0.140382533381451,0.0420425839047275,5542,0.167629014796102
1453,0.0674968417253203,0.185198555956679,0.0451182097094387,5541,0.14008034624724
1454,0.42358522534734,0.317511686443725,0.0311758725855642,2951,0.392409352761776
1455,0.167204517950787,0.0143957826439578,0.0240016135538524,4958,0.152808735306829
1461,0.0827625570776256,0.0085812356979405,0.0428082191780822,3504,0.0741813213796851
1462,0.116368286445013,0.00255754475703325,0.0242966751918159,782,0.11381074168798
1464,0.326271186440678,0.0333333333333333,0.0178703021370671,5428,0.308400884303611
1465,0.466245487364621,0.14115523465704,0.0209386281588448,5540,0.445306859205776
1466,0.277551020408163,0.0301020408163265,0.0403061224489796,1960,0.247448979591837
1469,0.283320031923384,0.0412329863891113,0.0460893854748603,5012,0.242087045534273
1470,0.152075403298894,0.0741212893826261,0.0123255392423419,5517,0.139749864056552
1471,0.0987751876728566,0.216098334655036,0.00908731726590281,2531,0.207011017389133
1473,0.422955974842767,0.141509433962264,0.0275157232704403,1272,0.395440251572327
1474,0.166152729911119,0.0827135860692908,0.0103391982586613,5513,0.155813531652458
1475,0.0407239819004525,0.036330608537693,0.048868778280543,5525,0.01253816974285
1476,0.197094750742819,0.0340946706388613,0.0967315945856718,3029,0.163000080103958
1477,0.199731903485255,0.0670241286863271,0.0853440571939231,2238,0.132707774798928
1478,0.174454828660436,0.126947040498442,0.0280373831775701,1284,0.146417445482866
1479,0.10469837587007,0.0971577726218097,0.0263921113689095,3448,0.0783062645011601
1480,0.125378558449425,0.151413803587717,0.0451241671714113,3302,0.106289636416305
1481,0.239891053844542,0.0986799394070547,0.0609679446888749,4773,0.178923109155667
1489,0.307170542635659,0.0256782945736434,0.0133236434108527,4128,0.293846899224806
1490,0.438972162740899,0.145839055204614,0.00910064239828694,3736,0.429871520342612
1491,0.257132061212923,0.0133638793432608,0.0154921594558851,5293,0.243768181869662
1492,0.331581252737626,0.0243101182654402,0.0431449846692948,4566,0.307271134472186
1493,0.207452604053171,0.0825403850409383,0.0172150795380257,4589,0.190237524515145
1494,0.115902964959569,0.0175202156334232,0.032345013477089,742,0.0983827493261455
1495,0.126081582200247,0.0768261964735516,0.0432632880098888,809,0.0828182941903584
1496,0.149466869763899,0.0958559256390395,0.015993907083016,5252,0.133472962680884
1497,0.102802037845706,0.0607947262406153,0.0514919941775837,5496,0.0513100436681223
1498,0.105307735742518,0.233695652173913,0.0437605872388481,3542,0.189935064935065
1500,0.217703349282297,0.229665071770335,0.00717703349282297,836,0.222488038277512
1501,0.159632034632035,0.0722152012998736,0.011002886002886,5544,0.148629148629149
1502,0.135691086250451,0.0277878022374594,0.0429447852760736,5542,0.107903284012992
1503,0.370421245421245,0.161073825503356,0.0249542124542125,4368,0.345467032967033
1504,0.469717362045761,0.0659488559892328,0.0545087483176312,1486,0.415208613728129
1505,0.0909090909090909,0.348894348894349,0,407,0.348894348894349
1506,0.0823863636363636,0.0539772727272727,0.0426136363636364,352,0.0397727272727273
1507,0.165485112416447,0.118799755052051,0.011950577273648,4937,0.153534535142799
1508,0.308177626789614,0.123598305507102,0.0461053142441155,4121,0.262072312545499
1515,0.258025193010971,0.0650986980260395,0.0182852498984153,2461,0.239739943112556
1516,0.379382889200561,0.0542253521126761,0.00490883590462833,1426,0.374474053295933
1517,0.281776971894832,0.0742094681045513,0.0117860380779692,5515,0.269990933816863
1518,0.404285142170605,0.11804979253112,0.0374449339207048,4994,0.3668402082499
1519,0.189590143324114,0.0234729934376578,0.0301734976112648,3977,0.166117149886456
1520,0.178006329113924,0.124504361617764,0.0316455696202532,2528,0.146360759493671
1521,0.0734139613834076,0.02503713133885,0.0163377890939953,4713,0.0570761722894123
1522,0.0621198156682028,0.0523598820058997,0.0501382488479263,5425,0.0119815668202765
1523,0.0768398268398268,0.078158844765343,0.00468975468975469,5544,0.0734690900755883
1524,0.0887799564270152,0.202695319613914,0.0118010167029775,5508,0.190894302910936
1527,0.14519194222729,0.0547632629777524,0.0190041809198024,5262,0.126187761307488
1528,0.0308552869000361,0.0256225189462288,0.0265247203175749,5542,0.00523276795380729
1529,0.308666402849228,0.0863526570048309,0.0807281361297982,5054,0.22793826671943
1530,0.650160085378869,0.306510923642656,0.063820704375667,4685,0.586339381003202
1534,0.191188694929343,0.102452202826268,0.0184954280964256,4812,0.172693266832918
1540,0.488584474885845,0.0182648401826484,0.0502283105022831,219,0.470319634703196
1541,0.0512029611351018,0.0356007628734902,0.00801974090067859,1621,0.0431832202344232
1542,0.214098237720285,0.0244179443498013,0.0239970003749531,5334,0.190101237345332
1543,0.22585142401912,0.122507122507123,0.00557657837084246,5021,0.220274845648277
1544,0.267548538510775,0.0397965951801901,0.0224023895882227,4687,0.245146148922552
1545,0.491666666666667,0.0351617440225035,0.0625,1440,0.456504922644163
1546,0.144391408114558,0.240263630916717,0.0184964200477327,1676,0.221767210868984
1547,0.0832580819938595,0.0215189873417722,0.0153512732526639,5537,0.0679068087411956
1548,0.104333576110706,0.0566348973607038,0.0551711580480699,5492,0.0491624180626366
1549,0.076395159833845,0.0670522320621724,0.008127144663175,5537,0.06826801517067
1550,0.0752056404230317,0.13133320087423,0.018213866039953,5106,0.113119334834277
1551,0.117893476959904,0.234772085518354,0.0243367245162577,5013,0.210435361002096
1552,0.787794729542302,0.45072463768116,0.00554785020804438,721,0.782246879334258
1554,0.126134469346175,0.0934004474272931,0.0170401926282645,5399,0.109094276717911
1555,0.11985559566787,0.153957354535598,0.0176895306859206,5540,0.136267823849678
1556,0.579081092525937,0.292310951069689,0.0768579292822359,4723,0.502223163243701
1557,0.741052631578947,0.195789473684211,0.0126315789473684,475,0.728421052631579
1560,0.114642451759364,0.0696864111498258,0.0374574347332577,881,0.0771850170261067
1561,0.342402257154373,0.188907081457225,0.00745667069729948,4962,0.334945586457074
1566,0,0.0453514739229025,0.0465631929046563,451,0.0465631929046563
1567,0.484603281636323,0.102116771342173,0.0298943582827602,4449,0.454708923353563
1568,0.125069073494198,0.00626266347393627,0.00810462331921164,5429,0.118806410020262
1569,0.400398009950249,0.0990844354018311,0.00497512437810945,5025,0.395422885572139
1570,0.183026771079949,0.0311004784688995,0.00382443999271535,5491,0.179202331087234
1571,0.654608096468562,0.0845804988662131,0.112618432385874,4644,0.570027597602349
1573,0.157527966257106,0.179187534780189,0.0579497524298551,5453,0.121237782350334
1574,0.0712739083363407,0.0268856008661133,0.0359076145795742,5542,0.0443883074702274
1575,0.0830324909747293,0.0797233345467783,0.0763537906137184,5540,0.00667870036101083
1576,0.130544536602957,0.0476018752253877,0.00324558240173098,5546,0.127298954201226
1577,0.0838744588744589,0.123376623376623,0.038961038961039,5544,0.0844155844155844
1578,0.253040877367896,0.23747187563919,0.0402791625124626,5015,0.212761714855434
1580,0.126703781915915,0.0583717357910906,0.017085813015934,5209,0.109617968899981
1581,0.0712739083363407,0.130097437748105,0.0158787441356911,5542,0.114218693612414
1582,0.327200577200577,0.105699855699856,0.0263347763347763,5544,0.300865800865801
1586,0.104010025062657,0.0012531328320802,0.0162907268170426,798,0.102756892230576
1587,0.225058784010749,0.0702049042660396,0.0174672489082969,2977,0.207591535102452
1588,0.493087557603687,0.179723502304147,0.00460829493087558,217,0.488479262672811
1593,0.196731816725409,0.0491320013101867,0.0233899391220763,3121,0.173341877603332
1594,0.101103273648038,0.0288671023965142,0.0188099113763791,5529,0.0822933622716585
1595,0.292705278592375,0.0374790229349245,0.0166788856304985,5456,0.276026392961877
1596,0.172794783553704,0.0367540029112082,0.000724506429994566,5521,0.172070277123709
1597,0.444000760600875,0.111262931875854,0.0444951511694238,5259,0.399505609431451
1598,0.818571428571429,0.150805270863836,0.217142857142857,2100,0.667766157707593
1599,0.277594426109278,0.244257274119449,0.0304363769710304,2727,0.247158049138247
1600,0.103031396607723,0.0913027787802237,0.0169613857813064,5542,0.0860700108264165
1601,0.0519622093023256,0.187568355814801,0.0408793604651163,5504,0.146688995349685
1602,0.170700867052023,0.0732766419395694,0.032514450867052,5536,0.138186416184971
1603,0.103433658329801,0.0936837643069097,0.0288257736328953,4718,0.0746078846969055
1604,0.10966810966811,0.0824314574314574,0.0395021645021645,5544,0.0701659451659452
1605,0.504464285714286,0.403712296983759,0.0171130952380952,1344,0.487351190476191
1606,0.360416666666667,0.0550847457627119,0.00208333333333333,480,0.358333333333333
1607,0.0934343434343434,0.101569547176619,0.0119047619047619,5544,0.0896647852718573
1608,0.125611745513866,0.254916241806264,0.00253761102048215,5517,0.252378630785782
1609,0.389992641648271,0.180647534952171,0.0573951434878587,2718,0.332597498160412
1613,0.201689021361153,0.00794833581718828,0.0136612021857924,4026,0.193740685543964
1614,0.262456546929316,0.0538818076477404,0.0104287369640788,1726,0.252027809965238
1619,0.00100502512562814,0.0254841997961264,0.0160804020100503,995,0.0244791746704983
1620,0.360422293150012,0.0947125256673511,0.0171863491284066,4073,0.343235944021606
1621,0.167989895344641,0.0189462287982678,0.0279682425117286,5542,0.149043666546373
1622,0.396500920810313,0.103754392454226,0.00607734806629834,5430,0.390423572744015
1623,0.255672068636797,0.0522696011004127,0.00800762631077216,5245,0.247664442326025
1624,0.634996041171813,0.0758341759352882,0.0382026920031671,5052,0.596793349168646
1625,0.0806451612903226,0.101626016260163,0.0282258064516129,248,0.0734002098085497
1626,0.144852941176471,0.22949604743083,0.0166666666666667,4080,0.212829380764163
1627,0.152832912306027,0.159870083002526,0.0205701912666907,5542,0.139299891735835
1628,0.121977625405991,0.168050541516245,0.0131721400216528,5542,0.154878401494593
1629,0.127050127050127,0.127310536044362,0.00693000693000693,4329,0.120380529114355
1630,0.102990033222591,0.0528541226215645,0.0649350649350649,3311,0.0501359106010269
1631,0.037037037037037,0.0928609769189479,0.0271068169618894,3726,0.0657541599570585
1633,0.291952363767593,0.111692529772645,0.00433056658246121,5542,0.287621797185132
1634,0.344280043305666,0.222302417899675,0.00811981234211476,5542,0.336160230963551
1635,0.134738582351726,0.104360405042364,0.000826617069642488,4839,0.133911965282083
1639,0.196043521266073,0.0136769078295342,0.0229475766567755,5055,0.182366613436539
1640,0.270962732919255,0.0327166504381694,0.0190217391304348,5152,0.25194099378882
1646,0.138888888888889,0.0257936507936508,0.0654761904761905,1512,0.113095238095238
1647,0.101675552170602,0.0209843571156047,0.0761614623000762,2626,0.0806911950549969
1648,0.339207883267008,0.0824132492113565,0.0109910934242941,5277,0.328216789842714
1649,0.271965672251737,0.0762531860662702,0.00306497752349816,4894,0.268900694728239
1650,0.349759384023099,0.0614035087719298,0.0242540904716073,5195,0.325505293551492
1651,0.356411800120409,0.101700154559505,0.0135460565924142,3322,0.342865743527995
1652,0.154639175257732,0.107426436244745,0.0188256387270282,2231,0.135813536530704
1653,0.107722843738722,0.132467063706912,0.0359076145795742,5542,0.0965594491273379
1654,0.226881523530489,0.20417505951291,0.0247207471159128,5461,0.202160776414576
1655,0.0602200347423277,0.235373886090663,0.0210384095734414,5181,0.214335476517221
1656,0.186234817813765,0.148760330578512,0.00404858299595142,247,0.182186234817814
1657,0.0265552460538533,0.0719866071428571,0.0239554317548747,5385,0.0480311753879825
1659,0.407934131736527,0.0839580209895053,0.0261976047904192,1336,0.381736526946108
1660,0.278590176227972,0.0999250093738283,0.0273715785526809,5334,0.251218597675291
1661,0.361230889847119,0.171893375147001,0.0423363386907095,5102,0.318894551156409
1666,0.192516268980477,0.00779267850670533,0.0209689081706435,5532,0.184723590473772
1667,0.364864864864865,0.0448179271708684,0.00540540540540541,370,0.359459459459459
1674,0.164106271462136,0.0832424572882588,0.0204229170431954,5533,0.143683354418941
1675,0.318754633061527,0.0578621078339282,0.00871015567086731,5396,0.31004447739066
1676,0.147117296222664,0.00724244070251675,0.000722935116573288,5533,0.146394361106091
1677,0.355720892821235,0.0654379788776144,0.0456464910516791,4973,0.310074401769556
1678,0.500222717149221,0.135294117647059,0.0276169265033408,2245,0.47260579064588
1679,0.109078889378581,0.32701962574167,0.0105773468488321,4538,0.316442278892838
1680,0.177008969430716,0.120961820851689,0.0133626212703643,5463,0.163646348160351
1681,0.270319634703196,0.208213944603629,0.0465753424657534,1095,0.223744292237443
1682,0.273908523908524,0.122268470343392,0.0077962577962578,1924,0.266112266112266
1683,0.138347260909935,0.0519962859795729,0.0575673166202414,1077,0.0863509749303621
1684,0.14579945799458,0.110840108401084,0.0525745257452575,3690,0.0932249322493225
1686,0.270425776754891,0.047180667433832,0.0245492903720752,2607,0.245876486382815
1687,0.297576301615799,0.110861759425494,0.0246858168761221,2228,0.272890484739677
1688,0.434913017396521,0.0767846430713857,0.0143971205758848,1667,0.420515896820636
1692,0.270264723989329,0.0102817191034341,0.018058690744921,4873,0.259983004885895
1693,0.162286063569682,0.0176525240012388,0.00764058679706601,3272,0.154645476772616
1700,0.145051194539249,0.146853146853147,0.0221843003412969,586,0.12466884651185
1701,0.220335921979411,0.130529369108049,0.00794654144843778,5537,0.212389380530973
1702,0.259090909090909,0.0186267348429511,0.00436363636363636,5500,0.254727272727273
1703,0.226756954612006,0.0297817240103589,0.00750366032210835,5464,0.219253294289898
1704,0.318447412353923,0.0975397343784019,0.0223288814691152,4792,0.296118530884808
1705,0.124601275917065,0.199095952332032,0.0129585326953748,5016,0.186137419636657
1706,0.095781278290784,0.0320884699057288,0.0313235560383849,5523,0.0644577222523991
1707,0.230693845550764,0.091564816670006,0.0407683261466092,5102,0.189925519404155
1708,0.00302114803625378,0.18429003021148,0.0120845921450151,331,0.181268882175227
1719,0.233738660490253,0.0102574027482098,0.0218104613009072,5181,0.223481257742043
1727,0.140606538007089,0.0344623867664435,0.0464749901536038,5078,0.106144151240646
1728,0.275996292863763,0.0731162790697675,0.00834105653382762,5395,0.267655236329935
1729,0.19529969028967,0.0308937109231335,0.00801603206412826,5489,0.187283658225542
1730,0.245809003578828,0.0958015267175572,0.0184592201921266,5309,0.227349783386702
1731,0.506919731119019,0.14802065404475,0.0676156583629893,2529,0.43930407275603
1732,0.0784429954554436,0.244167337087691,0.0169926891918593,5061,0.227174647895832
1733,0.171225670699632,0.0553238810119544,0.0170962651236192,3802,0.154129405576013
1734,0.0928571428571429,0.0401785714285714,0.0294642857142857,1120,0.0633928571428571
1737,0.0850607576840601,0.0503931379556826,0.0589706933523946,2798,0.0346676197283774
1745,0.0949525237381309,0.0120060030015008,0.0219890054972514,2001,0.0829465207366302
1754,0.217969598262758,0.073993471164309,0.010314875135722,3684,0.207654723127036
1755,0.214608569878865,0.0116194625998548,0.00235038871813415,5531,0.21225818116073
1756,0.185680278337301,0.0351040118870728,0.00494414942318257,5461,0.180736128914118
1757,0.316796061352017,0.0565418757236588,0.0225336110585116,5281,0.294262450293505
1758,0.226744186046512,0.128004369992717,0.0110828488372093,5504,0.215661337209302
1759,0.220821394460363,0.224839400428266,0.0254059216809933,5235,0.199433478747272
1760,0.14540059347181,0.0557363710333605,0.0237388724035608,5055,0.121661721068249
1761,0.530089628681178,0.256880733944954,0.0192061459667093,781,0.510883482714469
1780,0.0865217391304348,0.0853018372703412,0.00739130434782609,2300,0.0791304347826087
1781,0.198819362455726,0.00969955050863497,0.00566706021251476,4235,0.193152302243211
1782,0.181447040145158,0.0571563533301842,0.00453617600362894,4409,0.176910864141529
1783,0.0788809014960171,0.0233987705730716,0.0143773071692248,5147,0.0645035943267923
1784,0.230736753219337,0.0449247721974995,0.0284990500316656,4737,0.202237703187672
1785,0.14502438143399,0.0955736224028907,0.00505689001264223,5537,0.139967491421347
1786,0.341857091040987,0.212536549707602,0.0268407689517592,5514,0.315016322089227
1787,0.272074468085106,0.282297965915338,0.0140957446808511,3760,0.268202221234487
1806,0.131465517241379,0.00323275862068966,0.0818965517241379,928,0.12823275862069
1807,0.05863539445629,0.0247046186895811,0.00746268656716418,938,0.0511727078891258
1808,0.149321266968326,0.00681818181818182,0,442,0.149321266968326
1809,0.164651837524178,0.0819173218361654,0.00217601547388781,4136,0.16247582205029
1810,0.191659983961508,0.168335717691941,0.0224538893344026,2494,0.169206094627105
1811,0.144287396937574,0.035924617196702,0.016489988221437,1698,0.127797408716137
1812,0.19043321299639,0.115447154471545,0.00631768953068592,5540,0.184115523465704
1813,0.192640692640693,0.0977633477633478,0.00505050505050505,5544,0.187590187590188
1833,0.0650984682713348,0.0124019697246033,0.0195113056163384,5484,0.0526964985467315
1835,0.161437246963563,0.00659229208924949,0.00404858299595142,1976,0.157388663967611
1836,0.120112254443405,0.0191405516982548,0.0125350795135641,5345,0.107577174929841
1838,0.211777819060004,0.0481144343302991,0.00798811071892997,5383,0.203789708341074
1839,0.0909418982316853,0.0770479971129556,0.00487188740526886,5542,0.0860700108264165
1840,0.386177105831534,0.259658580413297,0.0103671706263499,2315,0.375809935205184
1860,0.0692537313432836,0.0633213859020311,0.00656716417910448,1675,0.0626865671641791
1861,0.199052132701422,0.0263242375601926,0.00600315955766193,3165,0.19304897314376
1863,0.109970674486804,0.00733137829912024,0.00293255131964809,682,0.107038123167155
1864,0.0839454354669465,0.0604453870625663,0,953,0.0839454354669465
1865,0.184495843874232,0.061121157323689,0.00325262016624503,5534,0.181243223707987
1866,0.316504460665045,0.1953125,0.0218978102189781,4932,0.294606650446067
1886,0.0387051372273047,0.0211118930330753,0.0182969739619986,1421,0.0204081632653061
1887,0.20604259534423,0.0542635658914729,0.0156017830609212,4038,0.190440812283309
1888,0.161298568507157,0.0297388156193432,0.0081799591002045,3912,0.153118609406953
1891,0.246008708272859,0.0114399854730343,0.00235849056603774,5512,0.243650217706822
1892,0.1621103117506,0.0924044508950169,0.0115107913669065,4170,0.150599520383693
1893,0.514522821576763,0.449704142011834,0.00829875518672199,241,0.506224066390042
1913,0.239600665557404,0.0133111480865225,0.0199667221297837,601,0.226289517470882
1914,0.164956437560503,0.0275536311749656,0.0199419167473379,5165,0.145014520813166
1917,0.116019159127195,0.0779791323448655,0.0313996806812134,1879,0.0846194784459819
1918,0.166478767380684,0.0496941896024465,0.00413378429161969,2661,0.162344983089064
1919,0.229211087420043,0.0408163265306122,0.00959488272921109,938,0.219616204690832
1940,0.172872340425532,0.0491183879093199,0.0113636363636364,4136,0.161508704061896
1941,0.342424242424242,0.181184668989547,0,330,0.342424242424242
1944,0.28166915052161,0.0858849887976102,0.0216095380029806,1342,0.260059612518629
1966,0.10752688172043,0.124324324324324,0.0770609318996416,1674,0.0472633924246828
1967,0.138823987538941,0.0258192651439921,0.00856697819314642,5136,0.130257009345794
1993,0.0953513909224012,0.035,0.0234260614934114,5464,0.0719253294289898
1994,0.120512820512821,0.00897435897435897,0.00256410256410256,1560,0.117948717948718
1995,0.515564644399,0.0443773234200743,0.0113610543058396,4401,0.504203590093161
2019,0.056232427366448,0.0416666666666667,0.0384254920337395,2134,0.0178069353327085
2020,0.167899408284024,0.00928332714444857,0.00739644970414201,2704,0.160502958579882
2021,0.42578125,0.0225711481844946,0.00390625,1024,0.421875
2046,0.0536105032822757,0.0120834859025998,0.0231582786287381,5484,0.0415270173796759
2072,0.00956937799043062,0.0535475234270415,0.0491518051326664,2299,0.0439781454366109
2073,0.0237467018469657,0.189306358381503,0.0224274406332454,758,0.166878917748258
2098,0.00253164556962025,0.038560411311054,0.0284810126582279,1580,0.0360287657414337
2099,0.0199203187250996,0.140008669267447,0.0402390438247012,2510,0.120088350542347
2125,0.00615258408531583,0.0261302364164247,0.0656275635767022,2438,0.0594749794913864
